1,Descripción del Curso,Total de Estudiantes Matriculados/ATI - AREA DE ADMINISTRACION DE TECNOLOGIA DE INFORMACIÓN/0,Total de Estudiantes Matriculados/ATI - AREA DE ADMINISTRACION DE TECNOLOGIA DE INFORMACIÓN/1,Total de Estudiantes Matriculados/ATI - AREA DE ADMINISTRACION DE TECNOLOGIA DE INFORMACIÓN/2,Total de Estudiantes Matriculados/ATI - AREA DE ADMINISTRACION DE TECNOLOGIA DE INFORMACIÓN/3,Total de Estudiantes Matriculados/ATI - AREA DE ADMINISTRACION DE TECNOLOGIA DE INFORMACIÓN/4,Total de Estudiantes Matriculados/ATI - AREA DE ADMINISTRACION DE TECNOLOGIA DE INFORMACIÓN/5,Total de Estudiantes Matriculados/ATI - AREA DE ADMINISTRACION DE TECNOLOGIA DE INFORMACIÓN/6,Total de Estudiantes Matriculados/ATI - AREA DE ADMINISTRACION DE TECNOLOGIA DE INFORMACIÓN/7,Total de Estudiantes Matriculados/ATI - AREA DE ADMINISTRACION DE TECNOLOGIA DE INFORMACIÓN/8,Total de Estudiantes Matriculados/ATI - AREA DE ADMINISTRACION DE TECNOLOGIA DE INFORMACIÓN/9
2,"TI8904 - ADMINISTRACION"""" DE PROCESOS DE NEGOCIOS",1,,,,,,,,,
2,TI8905 - ADMINISTRACION DE SERVICIOS DE TECNOLOGIAS DE INFORMACION I,1,,,,,,,,,
3,MA3405 - ESTADISTICA,,,,1,,,,,,
3,TI6101 - MERCADEO DE PRODUCTOS DE ALTA TECNOLOGIA,1,,,,,,,,,
4,"TI6108 - PRODUCCION, LOGISTICA Y CALIDAD",1,,,,,,,,,
4,TI8905 - ADMINISTRACION DE SERVICIOS DE TECNOLOGIAS DE INFORMACION I,1,,,,,,,,,
5,MA2404 - PROBABILIDADES,,1,,,,,,,,
6,TI8509 - HABILIDADES DIRECTIVAS PARA EL ADMINISTRADOR DE TECNOLOGIA DE LA INFORMACION,,1,,,,,,,,
7,TI9000 - TRABAJO FINAL DE GRADUACION,1,,,,,,,,,
8,TI9000 - TRABAJO FINAL DE GRADUACION,1,,,,,,,,,
9,IC6400 - INVESTIGACION DE OPERACIONES,1,,,,,,,,,
9,MA2405 - ALGEBRA LINEAL PARA COMPUTACION,,,1,,,,,,,
9,TI6101 - MERCADEO DE PRODUCTOS DE ALTA TECNOLOGIA,1,,,,,,,,,
10,TI9000 - TRABAJO FINAL DE GRADUACION,1,,,,,,,,,
11,MA3405 - ESTADISTICA,1,,,,,,,,,
11,"TI6108 - PRODUCCION, LOGISTICA Y CALIDAD",1,,,,,,,,,
11,TI6900 - INTELIGENCIA DE NEGOCIOS,1,,,,,,,,,
11,TI8902 - ADQUISICION DE TI,1,,,,,,,,,
12,MA2404 - PROBABILIDADES,,,,,1,,,,,
12,TI6101 - MERCADEO DE PRODUCTOS DE ALTA TECNOLOGIA,1,,,,,,,,,
13,TI5501 - DISEÑO DE SOFTWARE,,1,,,,,,,,
13,TI6101 - MERCADEO DE PRODUCTOS DE ALTA TECNOLOGIA,1,,,,,,,,,
13,TI6702 - INFRAESTRUCTURA TECNOLOGICA 2,1,,,,,,,,,
13,TI6900 - INTELIGENCIA DE NEGOCIOS,1,,,,,,,,,
13,TI8109 - FORMULACION Y EVALUACION DE PROYECTOS DE TI,1,,,,,,,,,
13,TI9003 - COMPUTACION Y SOCIEDAD,1,,,,,,,,,
14,TI6101 - MERCADEO DE PRODUCTOS DE ALTA TECNOLOGIA,,,1,,,,,,,
15,TI5501 - DISEÑO DE SOFTWARE,,,,,1,,,,,
15,TI8902 - ADQUISICION DE TI,1,,,,,,,,,
16,MA2405 - ALGEBRA LINEAL PARA COMPUTACION,,,,,1,,,,,
16,"TI6108 - PRODUCCION, LOGISTICA Y CALIDAD",,1,,,,,,,,
16,TI7802 - MODELO DE TOMA DE DECISIONES,1,,,,,,,,,
17,TI9000 - TRABAJO FINAL DE GRADUACION,1,,,,,,,,,
18,TI9000 - TRABAJO FINAL DE GRADUACION,1,,,,,,,,,
19,MA1404 - CALCULO,,,1,,,,,,,
19,TI6502 - ESPECIFICACION DE SOFTWARE,1,,,,,,,,,
20,TI8509 - HABILIDADES DIRECTIVAS PARA EL ADMINISTRADOR DE TECNOLOGIA DE LA INFORMACION,1,,,,,,,,,
21,MA3405 - ESTADISTICA,,,,1,,,,,,
21,TI8905 - ADMINISTRACION DE SERVICIOS DE TECNOLOGIAS DE INFORMACION I,1,,,,,,,,,
21,TI9805 - AUDITORIA DE TI,,1,,,,,,,,
22,"TI6108 - PRODUCCION, LOGISTICA Y CALIDAD",1,,,,,,,,,
23,CI4401 - INGLES II (ATI),1,,,,,,,,,
23,TI9000 - TRABAJO FINAL DE GRADUACION,1,,,,,,,,,
24,TI8509 - HABILIDADES DIRECTIVAS PARA EL ADMINISTRADOR DE TECNOLOGIA DE LA INFORMACION,1,,,,,,,,,
24,TI9003 - COMPUTACION Y SOCIEDAD,1,,,,,,,,,
25,MA3405 - ESTADISTICA,,,1,,,,,,,
25,TI9000 - TRABAJO FINAL DE GRADUACION,1,,,,,,,,,
26,TI9000 - TRABAJO FINAL DE GRADUACION,1,,,,,,,,,
27,TI9000 - TRABAJO FINAL DE GRADUACION,1,,,,,,,,,
28,TI8109 - FORMULACION Y EVALUACION DE PROYECTOS DE TI,1,,,,,,,,,
29,CI4401 - INGLES II (ATI),1,,,,,,,,,
29,IC6400 - INVESTIGACION DE OPERACIONES,1,,,,,,,,,
29,TI3600 - BASES DE DATOS,,,,,,,1,,,
29,TI6502 - ESPECIFICACION DE SOFTWARE,1,,,,,,,,,
29,TI8109 - FORMULACION Y EVALUACION DE PROYECTOS DE TI,1,,,,,,,,,
29,TI8902 - ADQUISICION DE TI,1,,,,,,,,,
30,TI6101 - MERCADEO DE PRODUCTOS DE ALTA TECNOLOGIA,1,,,,,,,,,
30,"TI6108 - PRODUCCION, LOGISTICA Y CALIDAD",1,,,,,,,,,
30,TI8109 - FORMULACION Y EVALUACION DE PROYECTOS DE TI,1,,,,,,,,,
31,TI9000 - TRABAJO FINAL DE GRADUACION,1,,,,,,,,,
32,TI9000 - TRABAJO FINAL DE GRADUACION,1,,,,,,,,,
33,MA3405 - ESTADISTICA,,,1,,,,,,,
33,TI6101 - MERCADEO DE PRODUCTOS DE ALTA TECNOLOGIA,1,,,,,,,,,
34,MA2404 - PROBABILIDADES,,1,,,,,,,,
35,TI9000 - TRABAJO FINAL DE GRADUACION,1,,,,,,,,,
36,TI9000 - TRABAJO FINAL DE GRADUACION,1,,,,,,,,,
37,AE4130 - FORMULACION Y EVALUACION  PROYECTOS,1,,,,,,,,,
37,IC6400 - INVESTIGACION DE OPERACIONES,1,,,,,,,,,
37,TI8509 - HABILIDADES DIRECTIVAS PARA EL ADMINISTRADOR DE TECNOLOGIA DE LA INFORMACION,1,,,,,,,,,
38,MA2405 - ALGEBRA LINEAL PARA COMPUTACION,,1,,,,,,,,
38,SE1205 - JUEGOS Y DEPORTES EN CONJUNTO,1,,,,,,,,,
38,TI8904 - ADMINISTRACION DE PROCESOS DE NEGOCIOS,1,,,,,,,,,
38,TI8905 - ADMINISTRACION DE SERVICIOS DE TECNOLOGIAS DE INFORMACION I,1,,,,,,,,,
39,TI9000 - TRABAJO FINAL DE GRADUACION,1,,,,,,,,,
40,AE3505 - METODOLOGIA DE LA INVESTIGACION,1,,,,,,,,,
40,TI9005 - ESPIRITU EMPRENDEDOR Y CREACION DE EMPRESAS,1,,,,,,,,,
41,IC6400 - INVESTIGACION DE OPERACIONES,1,,,,,,,,,
41,"TI6108 - PRODUCCION, LOGISTICA Y CALIDAD",1,,,,,,,,,
41,TI8109 - FORMULACION Y EVALUACION DE PROYECTOS DE TI,1,,,,,,,,,
42,TI9000 - TRABAJO FINAL DE GRADUACION,1,,,,,,,,,
43,MA2404 - PROBABILIDADES,1,,,,,,,,,
43,TI6502 - ESPECIFICACION DE SOFTWARE,1,,,,,,,,,
43,TI6702 - INFRAESTRUCTURA TECNOLOGICA 2,1,,,,,,,,,
43,TI8509 - HABILIDADES DIRECTIVAS PARA EL ADMINISTRADOR DE TECNOLOGIA DE LA INFORMACION,1,,,,,,,,,
43,TI9805 - AUDITORIA DE TI,1,,,,,,,,,
44,TI9000 - TRABAJO FINAL DE GRADUACION,1,,,,,,,,,
45,TI9000 - TRABAJO FINAL DE GRADUACION,1,,,,,,,,,
46,TI9000 - TRABAJO FINAL DE GRADUACION,1,,,,,,,,,
47,TI9000 - TRABAJO FINAL DE GRADUACION,1,,,,,,,,,
48,EM1600 - TECNOLOGIAS DIGITALES APLICADAS A LA MATEMATICA EDUCATIVA I,1,,,,,,,,,
48,IC8056 - VISUALIZACION DE INFORMACION,1,,,,,,,,,
49,MA0101 - MATEMATICA GENERAL,,,,,,,,,1,
49,MA1403 - MATEMATICA DISCRETA,,,,,,,,,,
49,SE1102 - ACCION SOCIAL,1,,,,,,,,,
50,IC6400 - INVESTIGACION DE OPERACIONES,1,,,,,,,,,
50,MA2404 - PROBABILIDADES,,1,,,,,,,,
50,TI6101 - MERCADEO DE PRODUCTOS DE ALTA TECNOLOGIA,1,,,,,,,,,
50,"TI6108 - PRODUCCION, LOGISTICA Y CALIDAD",1,,,,,,,,,
50,TI8109 - FORMULACION Y EVALUACION DE PROYECTOS DE TI,1,,,,,,,,,
50,TI8905 - ADMINISTRACION DE SERVICIOS DE TECNOLOGIAS DE INFORMACION I,1,,,,,,,,,
51,TI8902 - ADQUISICION DE TI,1,,,,,,,,,
51,TI8905 - ADMINISTRACION DE SERVICIOS DE TECNOLOGIAS DE INFORMACION I,1,,,,,,,,,
52,TI9000 - TRABAJO FINAL DE GRADUACION,1,,,,,,,,,
53,TI8902 - ADQUISICION DE TI,,1,,,,,,,,
53,TI8905 - ADMINISTRACION DE SERVICIOS DE TECNOLOGIAS DE INFORMACION I,1,,,,,,,,,
54,MA2404 - PROBABILIDADES,1,,,,,,,,,
54,TI4500 - INGENIERIA DE REQUERIMIENTOS,1,,,,,,,,,
54,TI4601 - BASES DE DATOS AVANZADOS,,,1,,,,,,,
54,TI5501 - DISEÑO DE SOFTWARE,1,,,,,,,,,
54,TI6702 - INFRAESTRUCTURA TECNOLOGICA 2,1,,,,,,,,,
55,MA0101 - MATEMATICA GENERAL,,,,,,,,,,1
55,MA2404 - PROBABILIDADES,,1,,,,,,,,
55,TI3404 - LENGUAJES DE PROGRAMACION,,,,,,,,1,,
56,TI9000 - TRABAJO FINAL DE GRADUACION,1,,,,,,,,,
57,TI9000 - TRABAJO FINAL DE GRADUACION,1,,,,,,,,,
58,CI4401 - INGLES II (ATI),1,,,,,,,,,
58,CS3401 - SEMINARIO DE ESTUDIOS FILOSOFICOS HISTORICOS,1,,,,,,,,,
58,MA0101 - MATEMATICA GENERAL,,,,,1,,,,,
58,TI3600 - BASES DE DATOS,,1,,,,,,,,
58,TI6702 - INFRAESTRUCTURA TECNOLOGICA 2,1,,,,,,,,,
59,TI8109 - FORMULACION Y EVALUACION DE PROYECTOS DE TI,1,,,,,,,,,
59,TI9000 - TRABAJO FINAL DE GRADUACION,1,,,,,,,,,
60,TI6502 - ESPECIFICACION DE SOFTWARE,1,,,,,,,,,
60,TI8109 - FORMULACION Y EVALUACION DE PROYECTOS DE TI,1,,,,,,,,,
61,TI4200 - ECONOMIA,1,,,,,,,,,
61,TI4500 - INGENIERIA DE REQUERIMIENTOS,1,,,,,,,,,
61,TI4601 - BASES DE DATOS AVANZADOS,1,,,,,,,,,
62,CI1403 - COMUNICACION TECNICA,1,,,,,,,,,
62,TI4101 - PLANIFICACION Y PRESUPUESTO,1,,,,,,,,,
62,TI5501 - DISEÑO DE SOFTWARE,,1,,,,,,,,
62,TI6702 - INFRAESTRUCTURA TECNOLOGICA 2,1,,,,,,,,,
63,CI4401 - INGLES II (ATI),1,,,,,,,,,
63,MA2404 - PROBABILIDADES,1,,,,,,,,,
63,SE1101 - ARTES DRAMATICAS,1,,,,,,,,,
63,TI8509 - HABILIDADES DIRECTIVAS PARA EL ADMINISTRADOR DE TECNOLOGIA DE LA INFORMACION,1,,,,,,,,,
63,TI8902 - ADQUISICION DE TI,1,,,,,,,,,
63,TI8904 - ADMINISTRACION DE PROCESOS DE NEGOCIOS,1,,,,,,,,,
63,TI8905 - ADMINISTRACION DE SERVICIOS DE TECNOLOGIAS DE INFORMACION I,1,,,,,,,,,
63,TI9003 - COMPUTACION Y SOCIEDAD,1,,,,,,,,,
63,TI9805 - AUDITORIA DE TI,1,,,,,,,,,
64,TI9000 - TRABAJO FINAL DE GRADUACION,1,,,,,,,,,
65,TI9000 - TRABAJO FINAL DE GRADUACION,1,,,,,,,,,
66,MA3405 - ESTADISTICA,,1,,,,,,,,
66,"TI6108 - PRODUCCION, LOGISTICA Y CALIDAD",1,,,,,,,,,
66,TI6502 - ESPECIFICACION DE SOFTWARE,1,,,,,,,,,
66,TI8109 - FORMULACION Y EVALUACION DE PROYECTOS DE TI,1,,,,,,,,,
66,TI9003 - COMPUTACION Y SOCIEDAD,1,,,,,,,,,
67,CI3400 - INGLES 1  (ATI),1,,,,,,,,,
67,MA2404 - PROBABILIDADES,,1,,,,,,,,
67,TI8509 - HABILIDADES DIRECTIVAS PARA EL ADMINISTRADOR DE TECNOLOGIA DE LA INFORMACION,1,,,,,,,,,
67,TI8902 - ADQUISICION DE TI,1,,,,,,,,,
67,TI9805 - AUDITORIA DE TI,1,,,,,,,,,
68,TI8109 - FORMULACION Y EVALUACION DE PROYECTOS DE TI,1,,,,,,,,,
68,TI8509 - HABILIDADES DIRECTIVAS PARA EL ADMINISTRADOR DE TECNOLOGIA DE LA INFORMACION,1,,,,,,,,,
68,TI8902 - ADQUISICION DE TI,1,,,,,,,,,
68,TI8905 - ADMINISTRACION DE SERVICIOS DE TECNOLOGIAS DE INFORMACION I,1,,,,,,,,,
68,TI9003 - COMPUTACION Y SOCIEDAD,1,,,,,,,,,
68,TI9805 - AUDITORIA DE TI,1,,,,,,,,,
69,TI9000 - TRABAJO FINAL DE GRADUACION,1,,,,,,,,,
70,TI5000 - ELECTIVA 1,1,,,,,,,,,
70,"TI6108 - PRODUCCION, LOGISTICA Y CALIDAD",1,,,,,,,,,
70,TI7802 - MODELO DE TOMA DE DECISIONES,1,,,,,,,,,
70,TI8109 - FORMULACION Y EVALUACION DE PROYECTOS DE TI,1,,,,,,,,,
70,TI8904 - ADMINISTRACION DE PROCESOS DE NEGOCIOS,1,,,,,,,,,
70,TI9003 - COMPUTACION Y SOCIEDAD,1,,,,,,,,,
71,TI9000 - TRABAJO FINAL DE GRADUACION,1,,,,,,,,,
72,MA2405 - ALGEBRA LINEAL PARA COMPUTACION,,,,1,,,,,,
72,TI3404 - LENGUAJES DE PROGRAMACION,,,,,1,,,,,
73,TI9000 - TRABAJO FINAL DE GRADUACION,1,,,,,,,,,
74,TI9000 - TRABAJO FINAL DE GRADUACION,1,,,,,,,,,
75,TI9000 - TRABAJO FINAL DE GRADUACION,1,,,,,,,,,
76,TI9000 - TRABAJO FINAL DE GRADUACION,1,,,,,,,,,
77,CS3401 - SEMINARIO DE ESTUDIOS FILOSOFICOS HISTORICOS,,,1,,,,,,,
77,MA2405 - ALGEBRA LINEAL PARA COMPUTACION,1,,,,,,,,,
77,SE1105 - ARTES MUSICALES,,1,,,,,,,,
77,TI4200 - ECONOMIA,1,,,,,,,,,
77,TI6502 - ESPECIFICACION DE SOFTWARE,1,,,,,,,,,
77,TI8902 - ADQUISICION DE TI,1,,,,,,,,,
78,MA3405 - ESTADISTICA,,,,1,,,,,,
78,SE1201 - ATLETISMO,1,,,,,,,,,
78,TI6101 - MERCADEO DE PRODUCTOS DE ALTA TECNOLOGIA,1,,,,,,,,,
78,"TI6108 - PRODUCCION, LOGISTICA Y CALIDAD",1,,,,,,,,,
78,TI8109 - FORMULACION Y EVALUACION DE PROYECTOS DE TI,1,,,,,,,,,
79,MA2405 - ALGEBRA LINEAL PARA COMPUTACION,,,,1,,,,,,
80,TI8109 - FORMULACION Y EVALUACION DE PROYECTOS DE TI,1,,,,,,,,,
80,TI8905 - ADMINISTRACION DE SERVICIOS DE TECNOLOGIAS DE INFORMACION I,1,,,,,,,,,
81,TI9000 - TRABAJO FINAL DE GRADUACION,1,,,,,,,,,
82,TI9000 - TRABAJO FINAL DE GRADUACION,1,,,,,,,,,
83,MA3405 - ESTADISTICA,,1,,,,,,,,
83,TI4200 - ECONOMIA,1,,,,,,,,,
83,TI6101 - MERCADEO DE PRODUCTOS DE ALTA TECNOLOGIA,1,,,,,,,,,
83,"TI6108 - PRODUCCION, LOGISTICA Y CALIDAD",1,,,,,,,,,
83,TI6502 - ESPECIFICACION DE SOFTWARE,1,,,,,,,,,
83,TI8109 - FORMULACION Y EVALUACION DE PROYECTOS DE TI,1,,,,,,,,,
84,TI9000 - TRABAJO FINAL DE GRADUACION,1,,,,,,,,,
85,TI9000 - TRABAJO FINAL DE GRADUACION,1,,,,,,,,,
86,MA2405 - ALGEBRA LINEAL PARA COMPUTACION,,1,,,,,,,,
86,TI6502 - ESPECIFICACION DE SOFTWARE,1,,,,,,,,,
86,TI9003 - COMPUTACION Y SOCIEDAD,1,,,,,,,,,
87,TI9000 - TRABAJO FINAL DE GRADUACION,1,,,,,,,,,
88,TI9000 - TRABAJO FINAL DE GRADUACION,1,,,,,,,,,
89,TI5501 - DISEÑO DE SOFTWARE,,,1,,,,,,,
90,TI6502 - ESPECIFICACION DE SOFTWARE,1,,,,,,,,,
90,TI9000 - TRABAJO FINAL DE GRADUACION,1,,,,,,,,,
91,MA2404 - PROBABILIDADES,,1,,,,,,,,
91,TI6502 - ESPECIFICACION DE SOFTWARE,1,,,,,,,,,
91,TI8509 - HABILIDADES DIRECTIVAS PARA EL ADMINISTRADOR DE TECNOLOGIA DE LA INFORMACION,1,,,,,,,,,
91,TI9805 - AUDITORIA DE TI,1,,,,,,,,,
92,CI3400 - INGLES 1  (ATI),1,,,,,,,,,
92,MA2405 - ALGEBRA LINEAL PARA COMPUTACION,1,,,,,,,,,
92,TI4200 - ECONOMIA,1,,,,,,,,,
92,TI6502 - ESPECIFICACION DE SOFTWARE,1,,,,,,,,,
93,MA2405 - ALGEBRA LINEAL PARA COMPUTACION,,,,1,,,,,,
93,TI4101 - PLANIFICACION Y PRESUPUESTO,1,,,,,,,,,
93,TI5501 - DISEÑO DE SOFTWARE,,,,,1,,,,,
93,"TI6108 - PRODUCCION, LOGISTICA Y CALIDAD",1,,,,,,,,,
93,TI8109 - FORMULACION Y EVALUACION DE PROYECTOS DE TI,1,,,,,,,,,
93,TI8902 - ADQUISICION DE TI,1,,,,,,,,,
94,TI6101 - MERCADEO DE PRODUCTOS DE ALTA TECNOLOGIA,1,,,,,,,,,
94,"TI6108 - PRODUCCION, LOGISTICA Y CALIDAD",1,,,,,,,,,
94,TI8109 - FORMULACION Y EVALUACION DE PROYECTOS DE TI,1,,,,,,,,,
95,SE1107 - APRECIACION DE CINE,1,,,,,,,,,
95,TI6502 - ESPECIFICACION DE SOFTWARE,1,,,,,,,,,
95,TI8109 - FORMULACION Y EVALUACION DE PROYECTOS DE TI,1,,,,,,,,,
95,TI8904 - ADMINISTRACION DE PROCESOS DE NEGOCIOS,1,,,,,,,,,
95,TI8905 - ADMINISTRACION DE SERVICIOS DE TECNOLOGIAS DE INFORMACION I,1,,,,,,,,,
96,TI8109 - FORMULACION Y EVALUACION DE PROYECTOS DE TI,1,,,,,,,,,
96,TI9000 - TRABAJO FINAL DE GRADUACION,1,,,,,,,,,
97,TI3404 - LENGUAJES DE PROGRAMACION,,,1,,,,,,,
98,CS4402 - SEMINARIO DE ESTUDIOS COSTARRICENSES,1,,,,,,,,,
98,TI4500 - INGENIERIA DE REQUERIMIENTOS,1,,,,,,,,,
98,TI5300 - COMPORTAMIENTO ORGANIZACIONAL Y GESTION DE CAMBIOS,1,,,,,,,,,
98,TI5501 - DISEÑO DE SOFTWARE,,1,,,,,,,,
98,TI6900 - INTELIGENCIA DE NEGOCIOS,1,,,,,,,,,
98,TI8902 - ADQUISICION DE TI,1,,,,,,,,,
99,CI1403 - COMUNICACION TECNICA,1,,,,,,,,,
99,MA1403 - MATEMATICA DISCRETA,1,,,,,,,,,
99,TI2102 - INFORMACION CONTABLE II,1,,,,,,,,,
99,TI2800 - ADMINISTRACION DE PROYECTOS I,1,,,,,,,,,
99,TI3103 - COSTOS EN AMBIENTES INFORMATICOS,1,,,,,,,,,
99,TI4101 - PLANIFICACION Y PRESUPUESTO,1,,,,,,,,,
99,TI4200 - ECONOMIA,1,,,,,,,,,
99,TI5100 - GESTION Y TOMA DE DECISIONES FINANCIERAS,1,,,,,,,,,
99,TI5300 - COMPORTAMIENTO ORGANIZACIONAL Y GESTION DE CAMBIOS,1,,,,,,,,,
99,TI6000 - ELECTIVA 2,1,,,,,,,,,
99,TI6101 - MERCADEO DE PRODUCTOS DE ALTA TECNOLOGIA,1,,,,,,,,,
99,TI7102 - GESTION DE RECURSOS HUMANOS,1,,,,,,,,,
99,TI9005 - ESPIRITU EMPRENDEDOR Y CREACION DE EMPRESAS,1,,,,,,,,,
100,CI3400 - INGLES 1  (ATI),1,,,,,,,,,
100,MA2405 - ALGEBRA LINEAL PARA COMPUTACION,1,,,,,,,,,
100,TI5501 - DISEÑO DE SOFTWARE,,,1,,,,,,,
100,TI8902 - ADQUISICION DE TI,1,,,,,,,,,
100,TI9805 - AUDITORIA DE TI,1,,,,,,,,,
101,CI3400 - INGLES 1  (ATI),,1,,,,,,,,
101,CS4402 - SEMINARIO DE ESTUDIOS COSTARRICENSES,1,,,,,,,,,
101,MA1404 - CALCULO,1,,,,,,,,,
101,SE1102 - ACCION SOCIAL,,1,,,,,,,,
101,TI8509 - HABILIDADES DIRECTIVAS PARA EL ADMINISTRADOR DE TECNOLOGIA DE LA INFORMACION,1,,,,,,,,,
102,TI5501 - DISEÑO DE SOFTWARE,,1,,,,,,,,
102,TI8902 - ADQUISICION DE TI,1,,,,,,,,,
102,TI9003 - COMPUTACION Y SOCIEDAD,1,,,,,,,,,
102,TI9805 - AUDITORIA DE TI,1,,,,,,,,,
103,MA2404 - PROBABILIDADES,,1,,,,,,,,
103,TI5501 - DISEÑO DE SOFTWARE,,,1,,,,,,,
103,TI9805 - AUDITORIA DE TI,1,,,,,,,,,
104,TI6101 - MERCADEO DE PRODUCTOS DE ALTA TECNOLOGIA,1,,,,,,,,,
104,"TI6108 - PRODUCCION, LOGISTICA Y CALIDAD",1,,,,,,,,,
104,TI6502 - ESPECIFICACION DE SOFTWARE,1,,,,,,,,,
104,TI8109 - FORMULACION Y EVALUACION DE PROYECTOS DE TI,1,,,,,,,,,
104,TI8509 - HABILIDADES DIRECTIVAS PARA EL ADMINISTRADOR DE TECNOLOGIA DE LA INFORMACION,1,,,,,,,,,
105,MA2405 - ALGEBRA LINEAL PARA COMPUTACION,1,,,,,,,,,
105,TI5501 - DISEÑO DE SOFTWARE,,1,,,,,,,,
105,TI8902 - ADQUISICION DE TI,1,,,,,,,,,
105,TI9003 - COMPUTACION Y SOCIEDAD,1,,,,,,,,,
105,TI9805 - AUDITORIA DE TI,1,,,,,,,,,
106,MA2404 - PROBABILIDADES,1,,,,,,,,,
106,TI8509 - HABILIDADES DIRECTIVAS PARA EL ADMINISTRADOR DE TECNOLOGIA DE LA INFORMACION,1,,,,,,,,,
106,TI8902 - ADQUISICION DE TI,1,,,,,,,,,
106,TI8904 - ADMINISTRACION DE PROCESOS DE NEGOCIOS,1,,,,,,,,,
106,TI8905 - ADMINISTRACION DE SERVICIOS DE TECNOLOGIAS DE INFORMACION I,1,,,,,,,,,
106,TI9003 - COMPUTACION Y SOCIEDAD,1,,,,,,,,,
107,MA2404 - PROBABILIDADES,1,,,,,,,,,
107,TI2403 - ORGANIZACION Y ARQUITECTURA DE COMPUTADORAS,,,1,,,,,,,
107,TI4601 - BASES DE DATOS AVANZADOS,1,,,,,,,,,
107,TI8902 - ADQUISICION DE TI,1,,,,,,,,,
107,TI9003 - COMPUTACION Y SOCIEDAD,1,,,,,,,,,
108,EM1606 - FUNDAMENTOS DE MATEMATICA II,1,,,,,,,,,
108,EM2604 - GEOMETRIA I,1,,,,,,,,,
108,"TI6108 - PRODUCCION, LOGISTICA Y CALIDAD",,1,,,,,,,,
108,TI6502 - ESPECIFICACION DE SOFTWARE,1,,,,,,,,,
108,TI8902 - ADQUISICION DE TI,1,,,,,,,,,
108,TI8904 - ADMINISTRACION DE PROCESOS DE NEGOCIOS,1,,,,,,,,,
108,TI8905 - ADMINISTRACION DE SERVICIOS DE TECNOLOGIAS DE INFORMACION I,1,,,,,,,,,
109,EM1606 - FUNDAMENTOS DE MATEMATICA II,,,1,,,,,,,
109,MA2405 - ALGEBRA LINEAL PARA COMPUTACION,1,,,,,,,,,
109,TI4101 - PLANIFICACION Y PRESUPUESTO,1,,,,,,,,,
109,TI4200 - ECONOMIA,1,,,,,,,,,
110,MA2404 - PROBABILIDADES,,1,,,,,,,,
110,TI8509 - HABILIDADES DIRECTIVAS PARA EL ADMINISTRADOR DE TECNOLOGIA DE LA INFORMACION,1,,,,,,,,,
110,TI8904 - ADMINISTRACION DE PROCESOS DE NEGOCIOS,1,,,,,,,,,
110,TI8905 - ADMINISTRACION DE SERVICIOS DE TECNOLOGIAS DE INFORMACION I,1,,,,,,,,,
110,TI9805 - AUDITORIA DE TI,1,,,,,,,,,
111,TI6502 - ESPECIFICACION DE SOFTWARE,1,,,,,,,,,
111,TI9000 - TRABAJO FINAL DE GRADUACION,1,,,,,,,,,
112,TI8109 - FORMULACION Y EVALUACION DE PROYECTOS DE TI,1,,,,,,,,,
112,TI8509 - HABILIDADES DIRECTIVAS PARA EL ADMINISTRADOR DE TECNOLOGIA DE LA INFORMACION,1,,,,,,,,,
112,TI8902 - ADQUISICION DE TI,1,,,,,,,,,
112,TI8904 - ADMINISTRACION DE PROCESOS DE NEGOCIOS,1,,,,,,,,,
112,TI8905 - ADMINISTRACION DE SERVICIOS DE TECNOLOGIAS DE INFORMACION I,1,,,,,,,,,
112,TI9003 - COMPUTACION Y SOCIEDAD,1,,,,,,,,,
112,TI9805 - AUDITORIA DE TI,1,,,,,,,,,
113,CS4402 - SEMINARIO DE ESTUDIOS COSTARRICENSES,1,,,,,,,,,
113,TI8509 - HABILIDADES DIRECTIVAS PARA EL ADMINISTRADOR DE TECNOLOGIA DE LA INFORMACION,1,,,,,,,,,
113,TI8904 - ADMINISTRACION DE PROCESOS DE NEGOCIOS,1,,,,,,,,,
113,TI8905 - ADMINISTRACION DE SERVICIOS DE TECNOLOGIAS DE INFORMACION I,1,,,,,,,,,
113,TI9003 - COMPUTACION Y SOCIEDAD,1,,,,,,,,,
113,TI9805 - AUDITORIA DE TI,1,,,,,,,,,
114,"TI6108 - PRODUCCION, LOGISTICA Y CALIDAD",1,,,,,,,,,
114,TI6502 - ESPECIFICACION DE SOFTWARE,1,,,,,,,,,
114,TI8109 - FORMULACION Y EVALUACION DE PROYECTOS DE TI,1,,,,,,,,,
114,TI8902 - ADQUISICION DE TI,1,,,,,,,,,
114,TI8904 - ADMINISTRACION DE PROCESOS DE NEGOCIOS,1,,,,,,,,,
114,TI8905 - ADMINISTRACION DE SERVICIOS DE TECNOLOGIAS DE INFORMACION I,1,,,,,,,,,
114,TI9805 - AUDITORIA DE TI,1,,,,,,,,,
115,MA2405 - ALGEBRA LINEAL PARA COMPUTACION,,,,1,,,,,,
115,TI8902 - ADQUISICION DE TI,1,,,,,,,,,
115,TI8904 - ADMINISTRACION DE PROCESOS DE NEGOCIOS,1,,,,,,,,,
115,TI8905 - ADMINISTRACION DE SERVICIOS DE TECNOLOGIAS DE INFORMACION I,1,,,,,,,,,
115,TI9805 - AUDITORIA DE TI,1,,,,,,,,,
116,CI4401 - INGLES II (ATI),1,,,,,,,,,
116,SE1105 - ARTES MUSICALES,1,,,,,,,,,
116,TI6502 - ESPECIFICACION DE SOFTWARE,1,,,,,,,,,
116,TI8109 - FORMULACION Y EVALUACION DE PROYECTOS DE TI,1,,,,,,,,,
116,TI9003 - COMPUTACION Y SOCIEDAD,1,,,,,,,,,
117,TI8509 - HABILIDADES DIRECTIVAS PARA EL ADMINISTRADOR DE TECNOLOGIA DE LA INFORMACION,1,,,,,,,,,
118,CI0202 - INGLES BASICO,1,,,,,,,,,
118,CS4402 - SEMINARIO DE ESTUDIOS COSTARRICENSES,1,,,,,,,,,
118,MA2404 - PROBABILIDADES,1,,,,,,,,,
118,TI5501 - DISEÑO DE SOFTWARE,,,1,,,,,,,
118,TI8902 - ADQUISICION DE TI,1,,,,,,,,,
118,TI9805 - AUDITORIA DE TI,1,,,,,,,,,
119,TI6502 - ESPECIFICACION DE SOFTWARE,1,,,,,,,,,
119,TI8109 - FORMULACION Y EVALUACION DE PROYECTOS DE TI,1,,,,,,,,,
119,TI8904 - ADMINISTRACION DE PROCESOS DE NEGOCIOS,1,,,,,,,,,
119,TI8905 - ADMINISTRACION DE SERVICIOS DE TECNOLOGIAS DE INFORMACION I,1,,,,,,,,,
119,TI9003 - COMPUTACION Y SOCIEDAD,1,,,,,,,,,
120,TI6502 - ESPECIFICACION DE SOFTWARE,1,,,,,,,,,
120,TI8509 - HABILIDADES DIRECTIVAS PARA EL ADMINISTRADOR DE TECNOLOGIA DE LA INFORMACION,1,,,,,,,,,
121,TI8109 - FORMULACION Y EVALUACION DE PROYECTOS DE TI,1,,,,,,,,,
121,TI8509 - HABILIDADES DIRECTIVAS PARA EL ADMINISTRADOR DE TECNOLOGIA DE LA INFORMACION,1,,,,,,,,,
121,TI9003 - COMPUTACION Y SOCIEDAD,1,,,,,,,,,
122,MA2404 - PROBABILIDADES,1,,,,,,,,,
122,TI6502 - ESPECIFICACION DE SOFTWARE,1,,,,,,,,,
122,TI8902 - ADQUISICION DE TI,1,,,,,,,,,
122,TI9805 - AUDITORIA DE TI,1,,,,,,,,,
123,CI4401 - INGLES II (ATI),1,,,,,,,,,
123,SE1105 - ARTES MUSICALES,1,,,,,,,,,
123,"TI6108 - PRODUCCION, LOGISTICA Y CALIDAD",1,,,,,,,,,
123,TI6502 - ESPECIFICACION DE SOFTWARE,1,,,,,,,,,
123,TI8109 - FORMULACION Y EVALUACION DE PROYECTOS DE TI,1,,,,,,,,,
123,TI8509 - HABILIDADES DIRECTIVAS PARA EL ADMINISTRADOR DE TECNOLOGIA DE LA INFORMACION,1,,,,,,,,,
123,TI8904 - ADMINISTRACION DE PROCESOS DE NEGOCIOS,1,,,,,,,,,
123,TI8905 - ADMINISTRACION DE SERVICIOS DE TECNOLOGIAS DE INFORMACION I,1,,,,,,,,,
123,TI9805 - AUDITORIA DE TI,1,,,,,,,,,
124,CI4401 - INGLES II (ATI),1,,,,,,,,,
124,"TI6108 - PRODUCCION, LOGISTICA Y CALIDAD",1,,,,,,,,,
124,TI6502 - ESPECIFICACION DE SOFTWARE,1,,,,,,,,,
124,TI8109 - FORMULACION Y EVALUACION DE PROYECTOS DE TI,1,,,,,,,,,
125,CI1107 - COMUNICACION ORAL,1,,,,,,,,,
125,CI1230 - INGLES I,1,,,,,,,,,
125,CI3400 - INGLES 1  (ATI),1,,,,,,,,,
125,TI6900 - INTELIGENCIA DE NEGOCIOS,,1,,,,,,,,
126,"TI6108 - PRODUCCION, LOGISTICA Y CALIDAD",1,,,,,,,,,
126,TI8109 - FORMULACION Y EVALUACION DE PROYECTOS DE TI,1,,,,,,,,,
126,TI8509 - HABILIDADES DIRECTIVAS PARA EL ADMINISTRADOR DE TECNOLOGIA DE LA INFORMACION,1,,,,,,,,,
126,TI8904 - ADMINISTRACION DE PROCESOS DE NEGOCIOS,1,,,,,,,,,
126,TI8905 - ADMINISTRACION DE SERVICIOS DE TECNOLOGIAS DE INFORMACION I,1,,,,,,,,,
126,TI9005 - ESPIRITU EMPRENDEDOR Y CREACION DE EMPRESAS,1,,,,,,,,,
127,TI8109 - FORMULACION Y EVALUACION DE PROYECTOS DE TI,1,,,,,,,,,
127,TI8509 - HABILIDADES DIRECTIVAS PARA EL ADMINISTRADOR DE TECNOLOGIA DE LA INFORMACION,1,,,,,,,,,
128,CI4401 - INGLES II (ATI),1,,,,,,,,,
128,MA3405 - ESTADISTICA,1,,,,,,,,,
128,SE1204 - NATACION,1,,,,,,,,,
128,TI6502 - ESPECIFICACION DE SOFTWARE,1,,,,,,,,,
128,TI6702 - INFRAESTRUCTURA TECNOLOGICA 2,1,,,,,,,,,
128,TI8509 - HABILIDADES DIRECTIVAS PARA EL ADMINISTRADOR DE TECNOLOGIA DE LA INFORMACION,1,,,,,,,,,
128,TI9003 - COMPUTACION Y SOCIEDAD,1,,,,,,,,,
129,MA3405 - ESTADISTICA,1,,,,,,,,,
129,TI6101 - MERCADEO DE PRODUCTOS DE ALTA TECNOLOGIA,1,,,,,,,,,
129,TI6502 - ESPECIFICACION DE SOFTWARE,1,,,,,,,,,
129,TI8509 - HABILIDADES DIRECTIVAS PARA EL ADMINISTRADOR DE TECNOLOGIA DE LA INFORMACION,1,,,,,,,,,
129,TI8904 - ADMINISTRACION DE PROCESOS DE NEGOCIOS,1,,,,,,,,,
129,TI8905 - ADMINISTRACION DE SERVICIOS DE TECNOLOGIAS DE INFORMACION I,1,,,,,,,,,
130,TI6101 - MERCADEO DE PRODUCTOS DE ALTA TECNOLOGIA,1,,,,,,,,,
130,"TI6108 - PRODUCCION, LOGISTICA Y CALIDAD",1,,,,,,,,,
130,TI6502 - ESPECIFICACION DE SOFTWARE,1,,,,,,,,,
130,TI8109 - FORMULACION Y EVALUACION DE PROYECTOS DE TI,1,,,,,,,,,
130,TI8509 - HABILIDADES DIRECTIVAS PARA EL ADMINISTRADOR DE TECNOLOGIA DE LA INFORMACION,1,,,,,,,,,
130,TI8902 - ADQUISICION DE TI,1,,,,,,,,,
130,TI8904 - ADMINISTRACION DE PROCESOS DE NEGOCIOS,1,,,,,,,,,
130,TI8905 - ADMINISTRACION DE SERVICIOS DE TECNOLOGIAS DE INFORMACION I,1,,,,,,,,,
131,MA1404 - CALCULO,,1,,,,,,,,
131,TI2403 - ORGANIZACION Y ARQUITECTURA DE COMPUTADORAS,,1,,,,,,,,
131,TI3600 - BASES DE DATOS,,1,,,,,,,,
131,TI4500 - INGENIERIA DE REQUERIMIENTOS,1,,,,,,,,,
131,TI5300 - COMPORTAMIENTO ORGANIZACIONAL Y GESTION DE CAMBIOS,1,,,,,,,,,
132,"TI6108 - PRODUCCION, LOGISTICA Y CALIDAD",,1,,,,,,,,
132,TI6502 - ESPECIFICACION DE SOFTWARE,1,,,,,,,,,
132,TI8109 - FORMULACION Y EVALUACION DE PROYECTOS DE TI,1,,,,,,,,,
133,CI3400 - INGLES 1  (ATI),1,,,,,,,,,
133,MA2405 - ALGEBRA LINEAL PARA COMPUTACION,1,,,,,,,,,
133,SE1105 - ARTES MUSICALES,1,,,,,,,,,
133,TI4200 - ECONOMIA,1,,,,,,,,,
133,TI4601 - BASES DE DATOS AVANZADOS,1,,,,,,,,,
133,TI6702 - INFRAESTRUCTURA TECNOLOGICA 2,1,,,,,,,,,
134,IC6200 - INTELIGENCIA ARTIFICIAL,1,,,,,,,,,
134,TI6502 - ESPECIFICACION DE SOFTWARE,1,,,,,,,,,
135,TI6101 - MERCADEO DE PRODUCTOS DE ALTA TECNOLOGIA,1,,,,,,,,,
135,TI8109 - FORMULACION Y EVALUACION DE PROYECTOS DE TI,1,,,,,,,,,
135,TI8509 - HABILIDADES DIRECTIVAS PARA EL ADMINISTRADOR DE TECNOLOGIA DE LA INFORMACION,1,,,,,,,,,
135,TI8902 - ADQUISICION DE TI,1,,,,,,,,,
135,TI8904 - ADMINISTRACION DE PROCESOS DE NEGOCIOS,1,,,,,,,,,
135,TI8905 - ADMINISTRACION DE SERVICIOS DE TECNOLOGIAS DE INFORMACION I,1,,,,,,,,,
135,TI9805 - AUDITORIA DE TI,1,,,,,,,,,
136,CI3400 - INGLES 1  (ATI),,1,,,,,,,,
136,MA2404 - PROBABILIDADES,,1,,,,,,,,
136,TI8902 - ADQUISICION DE TI,1,,,,,,,,,
136,TI8904 - ADMINISTRACION DE PROCESOS DE NEGOCIOS,1,,,,,,,,,
136,TI8905 - ADMINISTRACION DE SERVICIOS DE TECNOLOGIAS DE INFORMACION I,1,,,,,,,,,
136,TI9805 - AUDITORIA DE TI,1,,,,,,,,,
137,MA3405 - ESTADISTICA,1,,,,,,,,,
137,TI5501 - DISEÑO DE SOFTWARE,,,1,,,,,,,
137,TI6900 - INTELIGENCIA DE NEGOCIOS,,,1,,,,,,,
137,TI8509 - HABILIDADES DIRECTIVAS PARA EL ADMINISTRADOR DE TECNOLOGIA DE LA INFORMACION,1,,,,,,,,,
137,TI8902 - ADQUISICION DE TI,1,,,,,,,,,
137,TI9003 - COMPUTACION Y SOCIEDAD,1,,,,,,,,,
137,TI9805 - AUDITORIA DE TI,1,,,,,,,,,
138,MA2405 - ALGEBRA LINEAL PARA COMPUTACION,1,,,,,,,,,
138,SE1204 - NATACION,,,1,,,,,,,
138,TI6502 - ESPECIFICACION DE SOFTWARE,1,,,,,,,,,
138,TI6702 - INFRAESTRUCTURA TECNOLOGICA 2,1,,,,,,,,,
138,TI8509 - HABILIDADES DIRECTIVAS PARA EL ADMINISTRADOR DE TECNOLOGIA DE LA INFORMACION,1,,,,,,,,,
138,TI9003 - COMPUTACION Y SOCIEDAD,1,,,,,,,,,
138,TI9805 - AUDITORIA DE TI,1,,,,,,,,,
139,TI1401 - TALLER DE PROGRAMACION,,,,1,,,,,,
139,TI2403 - ORGANIZACION Y ARQUITECTURA DE COMPUTADORAS,1,,,,,,,,,
139,TI2800 - ADMINISTRACION DE PROYECTOS I,,,1,,,,,,,
140,CS4402 - SEMINARIO DE ESTUDIOS COSTARRICENSES,1,,,,,,,,,
140,MA2404 - PROBABILIDADES,1,,,,,,,,,
140,TI5501 - DISEÑO DE SOFTWARE,,1,,,,,,,,
140,TI6702 - INFRAESTRUCTURA TECNOLOGICA 2,1,,,,,,,,,
140,TI8509 - HABILIDADES DIRECTIVAS PARA EL ADMINISTRADOR DE TECNOLOGIA DE LA INFORMACION,1,,,,,,,,,
140,TI9003 - COMPUTACION Y SOCIEDAD,1,,,,,,,,,
141,CS4402 - SEMINARIO DE ESTUDIOS COSTARRICENSES,1,,,,,,,,,
141,MA2404 - PROBABILIDADES,1,,,,,,,,,
141,TI4101 - PLANIFICACION Y PRESUPUESTO,1,,,,,,,,,
141,TI5501 - DISEÑO DE SOFTWARE,1,,,,,,,,,
141,TI6702 - INFRAESTRUCTURA TECNOLOGICA 2,1,,,,,,,,,
141,TI6900 - INTELIGENCIA DE NEGOCIOS,1,,,,,,,,,
142,CS4402 - SEMINARIO DE ESTUDIOS COSTARRICENSES,1,,,,,,,,,
142,MA1404 - CALCULO,,,,,1,,,,,
142,TI6502 - ESPECIFICACION DE SOFTWARE,1,,,,,,,,,
142,TI6702 - INFRAESTRUCTURA TECNOLOGICA 2,1,,,,,,,,,
142,TI9805 - AUDITORIA DE TI,1,,,,,,,,,
143,MA2405 - ALGEBRA LINEAL PARA COMPUTACION,,1,,,,,,,,
143,TI4601 - BASES DE DATOS AVANZADOS,,1,,,,,,,,
143,TI5300 - COMPORTAMIENTO ORGANIZACIONAL Y GESTION DE CAMBIOS,1,,,,,,,,,
143,TI8902 - ADQUISICION DE TI,1,,,,,,,,,
144,TI6502 - ESPECIFICACION DE SOFTWARE,1,,,,,,,,,
144,TI8509 - HABILIDADES DIRECTIVAS PARA EL ADMINISTRADOR DE TECNOLOGIA DE LA INFORMACION,1,,,,,,,,,
144,TI9003 - COMPUTACION Y SOCIEDAD,1,,,,,,,,,
145,CS3401 - SEMINARIO DE ESTUDIOS FILOSOFICOS HISTORICOS,1,,,,,,,,,
145,MA2405 - ALGEBRA LINEAL PARA COMPUTACION,,1,,,,,,,,
145,TI3600 - BASES DE DATOS,,,,,1,,,,,
145,TI8509 - HABILIDADES DIRECTIVAS PARA EL ADMINISTRADOR DE TECNOLOGIA DE LA INFORMACION,1,,,,,,,,,
145,TI8902 - ADQUISICION DE TI,1,,,,,,,,,
146,MA2404 - PROBABILIDADES,1,,,,,,,,,
146,TI5501 - DISEÑO DE SOFTWARE,,1,,,,,,,,
146,TI8509 - HABILIDADES DIRECTIVAS PARA EL ADMINISTRADOR DE TECNOLOGIA DE LA INFORMACION,1,,,,,,,,,
146,TI8902 - ADQUISICION DE TI,1,,,,,,,,,
146,TI9003 - COMPUTACION Y SOCIEDAD,1,,,,,,,,,
147,MA2405 - ALGEBRA LINEAL PARA COMPUTACION,,,1,,,,,,,
147,TI6702 - INFRAESTRUCTURA TECNOLOGICA 2,1,,,,,,,,,
147,TI8509 - HABILIDADES DIRECTIVAS PARA EL ADMINISTRADOR DE TECNOLOGIA DE LA INFORMACION,1,,,,,,,,,
147,TI9003 - COMPUTACION Y SOCIEDAD,1,,,,,,,,,
147,TI9805 - AUDITORIA DE TI,1,,,,,,,,,
148,CS4402 - SEMINARIO DE ESTUDIOS COSTARRICENSES,1,,,,,,,,,
148,TI6101 - MERCADEO DE PRODUCTOS DE ALTA TECNOLOGIA,1,,,,,,,,,
148,TI6502 - ESPECIFICACION DE SOFTWARE,1,,,,,,,,,
148,TI6702 - INFRAESTRUCTURA TECNOLOGICA 2,1,,,,,,,,,
149,CS4402 - SEMINARIO DE ESTUDIOS COSTARRICENSES,1,,,,,,,,,
149,MA1403 - MATEMATICA DISCRETA,,,1,,,,,,,
149,TI2402 - ALGORITMOS Y ESTRUCTURAS DE DATOS,,1,,,,,,,,
149,TI2800 - ADMINISTRACION DE PROYECTOS I,,1,,,,,,,,
149,TI4101 - PLANIFICACION Y PRESUPUESTO,1,,,,,,,,,
150,TI6502 - ESPECIFICACION DE SOFTWARE,1,,,,,,,,,
150,TI8902 - ADQUISICION DE TI,1,,,,,,,,,
150,TI9003 - COMPUTACION Y SOCIEDAD,1,,,,,,,,,
150,TI9805 - AUDITORIA DE TI,1,,,,,,,,,
151,CS4402 - SEMINARIO DE ESTUDIOS COSTARRICENSES,1,,,,,,,,,
151,TI6101 - MERCADEO DE PRODUCTOS DE ALTA TECNOLOGIA,1,,,,,,,,,
151,TI6502 - ESPECIFICACION DE SOFTWARE,1,,,,,,,,,
151,TI8902 - ADQUISICION DE TI,1,,,,,,,,,
151,TI8904 - ADMINISTRACION DE PROCESOS DE NEGOCIOS,1,,,,,,,,,
151,TI8905 - ADMINISTRACION DE SERVICIOS DE TECNOLOGIAS DE INFORMACION I,1,,,,,,,,,
151,TI9805 - AUDITORIA DE TI,1,,,,,,,,,
152,TI1401 - TALLER DE PROGRAMACION,,,,,,1,,,,
153,CS4402 - SEMINARIO DE ESTUDIOS COSTARRICENSES,,1,,,,,,,,
153,MA2405 - ALGEBRA LINEAL PARA COMPUTACION,,1,,,,,,,,
153,TI3600 - BASES DE DATOS,,,1,,,,,,,
153,TI4101 - PLANIFICACION Y PRESUPUESTO,1,,,,,,,,,
153,TI4500 - INGENIERIA DE REQUERIMIENTOS,,1,,,,,,,,
153,TI6702 - INFRAESTRUCTURA TECNOLOGICA 2,1,,,,,,,,,
153,TI8509 - HABILIDADES DIRECTIVAS PARA EL ADMINISTRADOR DE TECNOLOGIA DE LA INFORMACION,1,,,,,,,,,
153,TI9003 - COMPUTACION Y SOCIEDAD,1,,,,,,,,,
154,MA2404 - PROBABILIDADES,1,,,,,,,,,
154,TI6502 - ESPECIFICACION DE SOFTWARE,1,,,,,,,,,
154,TI6702 - INFRAESTRUCTURA TECNOLOGICA 2,1,,,,,,,,,
154,TI9805 - AUDITORIA DE TI,1,,,,,,,,,
155,MA3405 - ESTADISTICA,1,,,,,,,,,
155,TI6101 - MERCADEO DE PRODUCTOS DE ALTA TECNOLOGIA,1,,,,,,,,,
155,"TI6108 - PRODUCCION, LOGISTICA Y CALIDAD",1,,,,,,,,,
155,TI8902 - ADQUISICION DE TI,1,,,,,,,,,
155,TI8904 - ADMINISTRACION DE PROCESOS DE NEGOCIOS,1,,,,,,,,,
155,TI8905 - ADMINISTRACION DE SERVICIOS DE TECNOLOGIAS DE INFORMACION I,1,,,,,,,,,
155,TI9805 - AUDITORIA DE TI,1,,,,,,,,,
156,TI4500 - INGENIERIA DE REQUERIMIENTOS,1,,,,,,,,,
156,TI4601 - BASES DE DATOS AVANZADOS,1,,,,,,,,,
156,TI5501 - DISEÑO DE SOFTWARE,1,,,,,,,,,
156,TI6900 - INTELIGENCIA DE NEGOCIOS,1,,,,,,,,,
157,TI8109 - FORMULACION Y EVALUACION DE PROYECTOS DE TI,1,,,,,,,,,
157,TI8902 - ADQUISICION DE TI,1,,,,,,,,,
157,TI8904 - ADMINISTRACION DE PROCESOS DE NEGOCIOS,1,,,,,,,,,
157,TI8905 - ADMINISTRACION DE SERVICIOS DE TECNOLOGIAS DE INFORMACION I,1,,,,,,,,,
157,TI9003 - COMPUTACION Y SOCIEDAD,1,,,,,,,,,
157,TI9805 - AUDITORIA DE TI,1,,,,,,,,,
158,MA1404 - CALCULO,,,1,,,,,,,
158,TI4500 - INGENIERIA DE REQUERIMIENTOS,1,,,,,,,,,
158,TI5300 - COMPORTAMIENTO ORGANIZACIONAL Y GESTION DE CAMBIOS,1,,,,,,,,,
158,TI5501 - DISEÑO DE SOFTWARE,1,,,,,,,,,
158,TI6702 - INFRAESTRUCTURA TECNOLOGICA 2,1,,,,,,,,,
159,TI2102 - INFORMACION CONTABLE II,1,,,,,,,,,
159,TI2800 - ADMINISTRACION DE PROYECTOS I,1,,,,,,,,,
159,TI6101 - MERCADEO DE PRODUCTOS DE ALTA TECNOLOGIA,1,,,,,,,,,
160,TI8109 - FORMULACION Y EVALUACION DE PROYECTOS DE TI,1,,,,,,,,,
160,TI8902 - ADQUISICION DE TI,1,,,,,,,,,
160,TI8904 - ADMINISTRACION DE PROCESOS DE NEGOCIOS,1,,,,,,,,,
160,TI8905 - ADMINISTRACION DE SERVICIOS DE TECNOLOGIAS DE INFORMACION I,1,,,,,,,,,
160,TI9003 - COMPUTACION Y SOCIEDAD,1,,,,,,,,,
160,TI9805 - AUDITORIA DE TI,1,,,,,,,,,
161,TI2102 - INFORMACION CONTABLE II,,1,,,,,,,,
161,TI5501 - DISEÑO DE SOFTWARE,1,,,,,,,,,
161,TI6702 - INFRAESTRUCTURA TECNOLOGICA 2,1,,,,,,,,,
161,TI6900 - INTELIGENCIA DE NEGOCIOS,1,,,,,,,,,
162,MA1404 - CALCULO,1,,,,,,,,,
162,TI2402 - ALGORITMOS Y ESTRUCTURAS DE DATOS,,,1,,,,,,,
162,TI5300 - COMPORTAMIENTO ORGANIZACIONAL Y GESTION DE CAMBIOS,1,,,,,,,,,
163,MA2404 - PROBABILIDADES,,1,,,,,,,,
163,TI8509 - HABILIDADES DIRECTIVAS PARA EL ADMINISTRADOR DE TECNOLOGIA DE LA INFORMACION,1,,,,,,,,,
163,TI8902 - ADQUISICION DE TI,1,,,,,,,,,
163,TI8904 - ADMINISTRACION DE PROCESOS DE NEGOCIOS,1,,,,,,,,,
163,TI8905 - ADMINISTRACION DE SERVICIOS DE TECNOLOGIAS DE INFORMACION I,1,,,,,,,,,
163,TI9003 - COMPUTACION Y SOCIEDAD,1,,,,,,,,,
163,TI9805 - AUDITORIA DE TI,1,,,,,,,,,
164,CS4402 - SEMINARIO DE ESTUDIOS COSTARRICENSES,1,,,,,,,,,
164,MA3405 - ESTADISTICA,1,,,,,,,,,
164,TI6502 - ESPECIFICACION DE SOFTWARE,1,,,,,,,,,
164,TI8902 - ADQUISICION DE TI,1,,,,,,,,,
164,TI9805 - AUDITORIA DE TI,1,,,,,,,,,
165,MA1404 - CALCULO,,1,,,,,,,,
165,TI2800 - ADMINISTRACION DE PROYECTOS I,1,,,,,,,,,
165,TI3600 - BASES DE DATOS,1,,,,,,,,,
166,"TI6108 - PRODUCCION, LOGISTICA Y CALIDAD",1,,,,,,,,,
166,TI8109 - FORMULACION Y EVALUACION DE PROYECTOS DE TI,1,,,,,,,,,
166,TI8902 - ADQUISICION DE TI,1,,,,,,,,,
166,TI8904 - ADMINISTRACION DE PROCESOS DE NEGOCIOS,1,,,,,,,,,
166,TI8905 - ADMINISTRACION DE SERVICIOS DE TECNOLOGIAS DE INFORMACION I,1,,,,,,,,,
166,TI9805 - AUDITORIA DE TI,1,,,,,,,,,
167,TI4500 - INGENIERIA DE REQUERIMIENTOS,1,,,,,,,,,
167,TI4601 - BASES DE DATOS AVANZADOS,1,,,,,,,,,
167,TI5300 - COMPORTAMIENTO ORGANIZACIONAL Y GESTION DE CAMBIOS,1,,,,,,,,,
167,TI6101 - MERCADEO DE PRODUCTOS DE ALTA TECNOLOGIA,1,,,,,,,,,
167,"TI6108 - PRODUCCION, LOGISTICA Y CALIDAD",1,,,,,,,,,
167,TI6900 - INTELIGENCIA DE NEGOCIOS,1,,,,,,,,,
168,CS4402 - SEMINARIO DE ESTUDIOS COSTARRICENSES,1,,,,,,,,,
168,MA2404 - PROBABILIDADES,1,,,,,,,,,
168,TI6502 - ESPECIFICACION DE SOFTWARE,1,,,,,,,,,
168,TI6702 - INFRAESTRUCTURA TECNOLOGICA 2,1,,,,,,,,,
168,TI8509 - HABILIDADES DIRECTIVAS PARA EL ADMINISTRADOR DE TECNOLOGIA DE LA INFORMACION,1,,,,,,,,,
169,TI8109 - FORMULACION Y EVALUACION DE PROYECTOS DE TI,1,,,,,,,,,
169,TI8902 - ADQUISICION DE TI,1,,,,,,,,,
169,TI8904 - ADMINISTRACION DE PROCESOS DE NEGOCIOS,1,,,,,,,,,
169,TI8905 - ADMINISTRACION DE SERVICIOS DE TECNOLOGIAS DE INFORMACION I,1,,,,,,,,,
169,TI9003 - COMPUTACION Y SOCIEDAD,1,,,,,,,,,
169,TI9805 - AUDITORIA DE TI,1,,,,,,,,,
170,CS4402 - SEMINARIO DE ESTUDIOS COSTARRICENSES,1,,,,,,,,,
170,MA2404 - PROBABILIDADES,1,,,,,,,,,
170,TI6502 - ESPECIFICACION DE SOFTWARE,1,,,,,,,,,
170,TI8902 - ADQUISICION DE TI,1,,,,,,,,,
170,TI9805 - AUDITORIA DE TI,1,,,,,,,,,
171,TI4200 - ECONOMIA,1,,,,,,,,,
171,TI5501 - DISEÑO DE SOFTWARE,,1,,,,,,,,
171,TI6900 - INTELIGENCIA DE NEGOCIOS,1,,,,,,,,,
171,TI8902 - ADQUISICION DE TI,1,,,,,,,,,
171,TI9003 - COMPUTACION Y SOCIEDAD,1,,,,,,,,,
172,MA2405 - ALGEBRA LINEAL PARA COMPUTACION,1,,,,,,,,,
172,TI3600 - BASES DE DATOS,,1,,,,,,,,
172,TI5300 - COMPORTAMIENTO ORGANIZACIONAL Y GESTION DE CAMBIOS,1,,,,,,,,,
173,MA1403 - MATEMATICA DISCRETA,,,,,1,,,,,
173,TI2402 - ALGORITMOS Y ESTRUCTURAS DE DATOS,,1,,,,,,,,
173,TI2403 - ORGANIZACION Y ARQUITECTURA DE COMPUTADORAS,,,1,,,,,,,
174,CS4402 - SEMINARIO DE ESTUDIOS COSTARRICENSES,1,,,,,,,,,
174,MA3405 - ESTADISTICA,1,,,,,,,,,
174,SE1102 - ACCION SOCIAL,1,,,,,,,,,
174,TI6101 - MERCADEO DE PRODUCTOS DE ALTA TECNOLOGIA,1,,,,,,,,,
174,TI6502 - ESPECIFICACION DE SOFTWARE,1,,,,,,,,,
174,TI6702 - INFRAESTRUCTURA TECNOLOGICA 2,1,,,,,,,,,
175,CS4402 - SEMINARIO DE ESTUDIOS COSTARRICENSES,1,,,,,,,,,
175,MA2404 - PROBABILIDADES,1,,,,,,,,,
175,TI5501 - DISEÑO DE SOFTWARE,,1,,,,,,,,
175,TI8509 - HABILIDADES DIRECTIVAS PARA EL ADMINISTRADOR DE TECNOLOGIA DE LA INFORMACION,1,,,,,,,,,
175,TI8902 - ADQUISICION DE TI,1,,,,,,,,,
176,CS4402 - SEMINARIO DE ESTUDIOS COSTARRICENSES,1,,,,,,,,,
176,SE1205 - JUEGOS Y DEPORTES EN CONJUNTO,1,,,,,,,,,
176,TI6101 - MERCADEO DE PRODUCTOS DE ALTA TECNOLOGIA,1,,,,,,,,,
176,TI6502 - ESPECIFICACION DE SOFTWARE,1,,,,,,,,,
176,TI6702 - INFRAESTRUCTURA TECNOLOGICA 2,1,,,,,,,,,
176,TI9805 - AUDITORIA DE TI,1,,,,,,,,,
177,CS4402 - SEMINARIO DE ESTUDIOS COSTARRICENSES,1,,,,,,,,,
177,MA2405 - ALGEBRA LINEAL PARA COMPUTACION,1,,,,,,,,,
177,TI5501 - DISEÑO DE SOFTWARE,,,1,,,,,,,
177,TI6702 - INFRAESTRUCTURA TECNOLOGICA 2,1,,,,,,,,,
177,TI9805 - AUDITORIA DE TI,1,,,,,,,,,
178,TI6101 - MERCADEO DE PRODUCTOS DE ALTA TECNOLOGIA,1,,,,,,,,,
178,"TI6108 - PRODUCCION, LOGISTICA Y CALIDAD",1,,,,,,,,,
178,TI8509 - HABILIDADES DIRECTIVAS PARA EL ADMINISTRADOR DE TECNOLOGIA DE LA INFORMACION,1,,,,,,,,,
178,TI8902 - ADQUISICION DE TI,1,,,,,,,,,
178,TI9003 - COMPUTACION Y SOCIEDAD,1,,,,,,,,,
178,TI9805 - AUDITORIA DE TI,1,,,,,,,,,
179,MA2404 - PROBABILIDADES,1,,,,,,,,,
179,SE1104 - ARTES VISUALES,1,,,,,,,,,
179,TI6502 - ESPECIFICACION DE SOFTWARE,1,,,,,,,,,
179,TI6702 - INFRAESTRUCTURA TECNOLOGICA 2,1,,,,,,,,,
179,TI6900 - INTELIGENCIA DE NEGOCIOS,1,,,,,,,,,
180,CI4401 - INGLES II (ATI),1,,,,,,,,,
180,CS2304 - DERECHO LABORAL,1,,,,,,,,,
180,TI2102 - INFORMACION CONTABLE II,,1,,,,,,,,
181,TI2102 - INFORMACION CONTABLE II,1,,,,,,,,,
181,TI2402 - ALGORITMOS Y ESTRUCTURAS DE DATOS,1,,,,,,,,,
181,TI2403 - ORGANIZACION Y ARQUITECTURA DE COMPUTADORAS,1,,,,,,,,,
181,TI2800 - ADMINISTRACION DE PROYECTOS I,1,,,,,,,,,
182,CI3400 - INGLES 1  (ATI),1,,,,,,,,,
182,CS4402 - SEMINARIO DE ESTUDIOS COSTARRICENSES,1,,,,,,,,,
182,SE1102 - ACCION SOCIAL,,1,,,,,,,,
182,TI2403 - ORGANIZACION Y ARQUITECTURA DE COMPUTADORAS,1,,,,,,,,,
182,TI2800 - ADMINISTRACION DE PROYECTOS I,,1,,,,,,,,
182,TI4101 - PLANIFICACION Y PRESUPUESTO,1,,,,,,,,,
183,MA2404 - PROBABILIDADES,1,,,,,,,,,
183,SE1204 - NATACION,1,,,,,,,,,
183,TI4101 - PLANIFICACION Y PRESUPUESTO,1,,,,,,,,,
183,TI5501 - DISEÑO DE SOFTWARE,1,,,,,,,,,
183,TI6702 - INFRAESTRUCTURA TECNOLOGICA 2,1,,,,,,,,,
183,TI6900 - INTELIGENCIA DE NEGOCIOS,1,,,,,,,,,
184,MA2404 - PROBABILIDADES,1,,,,,,,,,
184,TI6502 - ESPECIFICACION DE SOFTWARE,1,,,,,,,,,
184,TI6702 - INFRAESTRUCTURA TECNOLOGICA 2,1,,,,,,,,,
184,TI8509 - HABILIDADES DIRECTIVAS PARA EL ADMINISTRADOR DE TECNOLOGIA DE LA INFORMACION,1,,,,,,,,,
184,TI9003 - COMPUTACION Y SOCIEDAD,1,,,,,,,,,
185,CS4402 - SEMINARIO DE ESTUDIOS COSTARRICENSES,1,,,,,,,,,
185,MA1404 - CALCULO,1,,,,,,,,,
185,TI2102 - INFORMACION CONTABLE II,1,,,,,,,,,
185,TI3404 - LENGUAJES DE PROGRAMACION,1,,,,,,,,,
186,MA2404 - PROBABILIDADES,1,,,,,,,,,
186,TI6502 - ESPECIFICACION DE SOFTWARE,1,,,,,,,,,
186,TI6702 - INFRAESTRUCTURA TECNOLOGICA 2,1,,,,,,,,,
186,TI6900 - INTELIGENCIA DE NEGOCIOS,1,,,,,,,,,
186,TI9003 - COMPUTACION Y SOCIEDAD,1,,,,,,,,,
187,CI3400 - INGLES 1  (ATI),1,,,,,,,,,
187,CS3401 - SEMINARIO DE ESTUDIOS FILOSOFICOS HISTORICOS,1,,,,,,,,,
187,MA1404 - CALCULO,,1,,,,,,,,
187,TI2402 - ALGORITMOS Y ESTRUCTURAS DE DATOS,,,1,,,,,,,
188,MA2404 - PROBABILIDADES,1,,,,,,,,,
188,TI6502 - ESPECIFICACION DE SOFTWARE,1,,,,,,,,,
188,TI6702 - INFRAESTRUCTURA TECNOLOGICA 2,1,,,,,,,,,
188,TI6900 - INTELIGENCIA DE NEGOCIOS,1,,,,,,,,,
188,TI9003 - COMPUTACION Y SOCIEDAD,1,,,,,,,,,
189,CS4402 - SEMINARIO DE ESTUDIOS COSTARRICENSES,1,,,,,,,,,
189,MA3405 - ESTADISTICA,1,,,,,,,,,
189,TI4500 - INGENIERIA DE REQUERIMIENTOS,1,,,,,,,,,
189,TI5300 - COMPORTAMIENTO ORGANIZACIONAL Y GESTION DE CAMBIOS,1,,,,,,,,,
189,TI6101 - MERCADEO DE PRODUCTOS DE ALTA TECNOLOGIA,1,,,,,,,,,
189,TI6702 - INFRAESTRUCTURA TECNOLOGICA 2,1,,,,,,,,,
189,TI6900 - INTELIGENCIA DE NEGOCIOS,1,,,,,,,,,
190,CS4402 - SEMINARIO DE ESTUDIOS COSTARRICENSES,1,,,,,,,,,
190,MA2404 - PROBABILIDADES,1,,,,,,,,,
190,TI4500 - INGENIERIA DE REQUERIMIENTOS,1,,,,,,,,,
190,TI4601 - BASES DE DATOS AVANZADOS,1,,,,,,,,,
190,TI5300 - COMPORTAMIENTO ORGANIZACIONAL Y GESTION DE CAMBIOS,1,,,,,,,,,
191,CS4402 - SEMINARIO DE ESTUDIOS COSTARRICENSES,1,,,,,,,,,
191,MA3405 - ESTADISTICA,1,,,,,,,,,
191,SE1204 - NATACION,1,,,,,,,,,
191,TI6101 - MERCADEO DE PRODUCTOS DE ALTA TECNOLOGIA,1,,,,,,,,,
191,TI6502 - ESPECIFICACION DE SOFTWARE,1,,,,,,,,,
191,TI6702 - INFRAESTRUCTURA TECNOLOGICA 2,1,,,,,,,,,
191,TI6900 - INTELIGENCIA DE NEGOCIOS,1,,,,,,,,,
192,MA2405 - ALGEBRA LINEAL PARA COMPUTACION,1,,,,,,,,,
192,TI2800 - ADMINISTRACION DE PROYECTOS I,,1,,,,,,,,
192,TI3404 - LENGUAJES DE PROGRAMACION,,1,,,,,,,,
192,TI4101 - PLANIFICACION Y PRESUPUESTO,1,,,,,,,,,
192,TI4200 - ECONOMIA,1,,,,,,,,,
192,TI4601 - BASES DE DATOS AVANZADOS,1,,,,,,,,,
193,CS3401 - SEMINARIO DE ESTUDIOS FILOSOFICOS HISTORICOS,1,,,,,,,,,
193,MA2404 - PROBABILIDADES,1,,,,,,,,,
193,SE1204 - NATACION,1,,,,,,,,,
193,TI6502 - ESPECIFICACION DE SOFTWARE,1,,,,,,,,,
193,TI6702 - INFRAESTRUCTURA TECNOLOGICA 2,1,,,,,,,,,
193,TI6900 - INTELIGENCIA DE NEGOCIOS,1,,,,,,,,,
194,MA3405 - ESTADISTICA,1,,,,,,,,,
194,SE1104 - ARTES VISUALES,1,,,,,,,,,
194,TI5501 - DISEÑO DE SOFTWARE,,1,,,,,,,,
194,TI6502 - ESPECIFICACION DE SOFTWARE,1,,,,,,,,,
194,TI6702 - INFRAESTRUCTURA TECNOLOGICA 2,1,,,,,,,,,
194,TI6900 - INTELIGENCIA DE NEGOCIOS,1,,,,,,,,,
195,CI3400 - INGLES 1  (ATI),1,,,,,,,,,
195,MA3405 - ESTADISTICA,1,,,,,,,,,
195,TI6101 - MERCADEO DE PRODUCTOS DE ALTA TECNOLOGIA,1,,,,,,,,,
195,TI6502 - ESPECIFICACION DE SOFTWARE,1,,,,,,,,,
195,TI6702 - INFRAESTRUCTURA TECNOLOGICA 2,1,,,,,,,,,
195,TI6900 - INTELIGENCIA DE NEGOCIOS,1,,,,,,,,,
196,MA1403 - MATEMATICA DISCRETA,,1,,,,,,,,
196,TI2403 - ORGANIZACION Y ARQUITECTURA DE COMPUTADORAS,1,,,,,,,,,
196,TI4101 - PLANIFICACION Y PRESUPUESTO,1,,,,,,,,,
197,MA0101 - MATEMATICA GENERAL,,,1,,,,,,,
197,SE1102 - ACCION SOCIAL,1,,,,,,,,,
197,TI1400 - INTRODUCCION A LA PROGRAMACION,,,1,,,,,,,
197,TI1401 - TALLER DE PROGRAMACION,,,1,,,,,,,
197,TI2102 - INFORMACION CONTABLE II,,1,,,,,,,,
197,TI2800 - ADMINISTRACION DE PROYECTOS I,,1,,,,,,,,
198,MA0101 - MATEMATICA GENERAL,,,1,,,,,,,
198,TI2102 - INFORMACION CONTABLE II,1,,,,,,,,,
198,TI2403 - ORGANIZACION Y ARQUITECTURA DE COMPUTADORAS,,1,,,,,,,,
198,TI2800 - ADMINISTRACION DE PROYECTOS I,,1,,,,,,,,
199,CI4401 - INGLES II (ATI),1,,,,,,,,,
199,MA1404 - CALCULO,1,,,,,,,,,
199,TI3404 - LENGUAJES DE PROGRAMACION,,1,,,,,,,,
199,TI4500 - INGENIERIA DE REQUERIMIENTOS,1,,,,,,,,,
199,TI4601 - BASES DE DATOS AVANZADOS,1,,,,,,,,,
199,TI5300 - COMPORTAMIENTO ORGANIZACIONAL Y GESTION DE CAMBIOS,1,,,,,,,,,
199,TI6702 - INFRAESTRUCTURA TECNOLOGICA 2,1,,,,,,,,,
200,TI1400 - INTRODUCCION A LA PROGRAMACION,,,,1,,,,,,
200,TI1401 - TALLER DE PROGRAMACION,,,,1,,,,,,
201,MA1404 - CALCULO,,1,,,,,,,,
201,SE1104 - ARTES VISUALES,1,,,,,,,,,
201,TI4101 - PLANIFICACION Y PRESUPUESTO,1,,,,,,,,,
201,TI4500 - INGENIERIA DE REQUERIMIENTOS,1,,,,,,,,,
201,TI5501 - DISEÑO DE SOFTWARE,1,,,,,,,,,
202,CI4401 - INGLES II (ATI),1,,,,,,,,,
202,MA1404 - CALCULO,,1,,,,,,,,
202,TI3600 - BASES DE DATOS,,1,,,,,,,,
202,TI6702 - INFRAESTRUCTURA TECNOLOGICA 2,1,,,,,,,,,
203,TI4101 - PLANIFICACION Y PRESUPUESTO,1,,,,,,,,,
203,TI4500 - INGENIERIA DE REQUERIMIENTOS,1,,,,,,,,,
203,TI5501 - DISEÑO DE SOFTWARE,1,,,,,,,,,
203,TI6702 - INFRAESTRUCTURA TECNOLOGICA 2,1,,,,,,,,,
204,MA2405 - ALGEBRA LINEAL PARA COMPUTACION,,1,,,,,,,,
204,TI4500 - INGENIERIA DE REQUERIMIENTOS,1,,,,,,,,,
204,TI4601 - BASES DE DATOS AVANZADOS,1,,,,,,,,,
204,TI5300 - COMPORTAMIENTO ORGANIZACIONAL Y GESTION DE CAMBIOS,1,,,,,,,,,
204,TI6702 - INFRAESTRUCTURA TECNOLOGICA 2,1,,,,,,,,,
205,TI2402 - ALGORITMOS Y ESTRUCTURAS DE DATOS,1,,,,,,,,,
206,TI2102 - INFORMACION CONTABLE II,,,1,,,,,,,
206,TI2403 - ORGANIZACION Y ARQUITECTURA DE COMPUTADORAS,1,,,,,,,,,
206,TI2800 - ADMINISTRACION DE PROYECTOS I,,,1,,,,,,,
207,CS4402 - SEMINARIO DE ESTUDIOS COSTARRICENSES,1,,,,,,,,,
208,CS4402 - SEMINARIO DE ESTUDIOS COSTARRICENSES,1,,,,,,,,,
208,MA1403 - MATEMATICA DISCRETA,,,1,,,,,,,
208,TI4101 - PLANIFICACION Y PRESUPUESTO,1,,,,,,,,,
208,TI6702 - INFRAESTRUCTURA TECNOLOGICA 2,1,,,,,,,,,
209,CS3401 - SEMINARIO DE ESTUDIOS FILOSOFICOS HISTORICOS,1,,,,,,,,,
209,MA1404 - CALCULO,,,1,,,,,,,
209,TI4500 - INGENIERIA DE REQUERIMIENTOS,1,,,,,,,,,
209,TI4601 - BASES DE DATOS AVANZADOS,1,,,,,,,,,
210,SE1104 - ARTES VISUALES,1,,,,,,,,,
210,TI5501 - DISEÑO DE SOFTWARE,,1,,,,,,,,
210,TI6502 - ESPECIFICACION DE SOFTWARE,1,,,,,,,,,
210,TI6702 - INFRAESTRUCTURA TECNOLOGICA 2,1,,,,,,,,,
210,TI6900 - INTELIGENCIA DE NEGOCIOS,1,,,,,,,,,
210,TI9003 - COMPUTACION Y SOCIEDAD,1,,,,,,,,,
211,CS3401 - SEMINARIO DE ESTUDIOS FILOSOFICOS HISTORICOS,1,,,,,,,,,
211,TI2102 - INFORMACION CONTABLE II,,1,,,,,,,,
211,TI2402 - ALGORITMOS Y ESTRUCTURAS DE DATOS,,1,,,,,,,,
211,TI2403 - ORGANIZACION Y ARQUITECTURA DE COMPUTADORAS,,1,,,,,,,,
212,MA2405 - ALGEBRA LINEAL PARA COMPUTACION,1,,,,,,,,,
212,TI4200 - ECONOMIA,1,,,,,,,,,
212,TI4500 - INGENIERIA DE REQUERIMIENTOS,1,,,,,,,,,
212,TI4601 - BASES DE DATOS AVANZADOS,1,,,,,,,,,
212,TI6702 - INFRAESTRUCTURA TECNOLOGICA 2,1,,,,,,,,,
213,TI4101 - PLANIFICACION Y PRESUPUESTO,1,,,,,,,,,
213,TI4200 - ECONOMIA,1,,,,,,,,,
213,TI5501 - DISEÑO DE SOFTWARE,1,,,,,,,,,
213,TI6702 - INFRAESTRUCTURA TECNOLOGICA 2,1,,,,,,,,,
213,TI6900 - INTELIGENCIA DE NEGOCIOS,1,,,,,,,,,
214,CI4401 - INGLES II (ATI),1,,,,,,,,,
214,CS4402 - SEMINARIO DE ESTUDIOS COSTARRICENSES,1,,,,,,,,,
214,MA2405 - ALGEBRA LINEAL PARA COMPUTACION,,1,,,,,,,,
214,TI2102 - INFORMACION CONTABLE II,,1,,,,,,,,
214,TI3404 - LENGUAJES DE PROGRAMACION,1,,,,,,,,,
214,TI5300 - COMPORTAMIENTO ORGANIZACIONAL Y GESTION DE CAMBIOS,1,,,,,,,,,
215,TI4101 - PLANIFICACION Y PRESUPUESTO,1,,,,,,,,,
215,TI5501 - DISEÑO DE SOFTWARE,1,,,,,,,,,
215,TI6101 - MERCADEO DE PRODUCTOS DE ALTA TECNOLOGIA,1,,,,,,,,,
215,"TI6108 - PRODUCCION, LOGISTICA Y CALIDAD",1,,,,,,,,,
215,TI6702 - INFRAESTRUCTURA TECNOLOGICA 2,1,,,,,,,,,
215,TI6900 - INTELIGENCIA DE NEGOCIOS,1,,,,,,,,,
216,CS3401 - SEMINARIO DE ESTUDIOS FILOSOFICOS HISTORICOS,1,,,,,,,,,
216,MA2405 - ALGEBRA LINEAL PARA COMPUTACION,1,,,,,,,,,
216,TI3600 - BASES DE DATOS,,1,,,,,,,,
216,TI4200 - ECONOMIA,1,,,,,,,,,
216,TI5300 - COMPORTAMIENTO ORGANIZACIONAL Y GESTION DE CAMBIOS,1,,,,,,,,,
217,CI4401 - INGLES II (ATI),1,,,,,,,,,
217,MA1404 - CALCULO,1,,,,,,,,,
217,TI2402 - ALGORITMOS Y ESTRUCTURAS DE DATOS,,,1,,,,,,,
217,TI3404 - LENGUAJES DE PROGRAMACION,1,,,,,,,,,
218,CI1403 - COMUNICACION TECNICA,1,,,,,,,,,
218,MA1403 - MATEMATICA DISCRETA,1,,,,,,,,,
219,CS4402 - SEMINARIO DE ESTUDIOS COSTARRICENSES,1,,,,,,,,,
219,MA3405 - ESTADISTICA,1,,,,,,,,,
219,TI5501 - DISEÑO DE SOFTWARE,1,,,,,,,,,
219,TI6702 - INFRAESTRUCTURA TECNOLOGICA 2,1,,,,,,,,,
220,CI0202 - INGLES BASICO,1,,,,,,,,,
220,CS4402 - SEMINARIO DE ESTUDIOS COSTARRICENSES,1,,,,,,,,,
220,MA2405 - ALGEBRA LINEAL PARA COMPUTACION,,1,,,,,,,,
220,SE1105 - ARTES MUSICALES,1,,,,,,,,,
220,TI4500 - INGENIERIA DE REQUERIMIENTOS,1,,,,,,,,,
220,TI4601 - BASES DE DATOS AVANZADOS,,,1,,,,,,,
220,TI6702 - INFRAESTRUCTURA TECNOLOGICA 2,1,,,,,,,,,
221,MA2405 - ALGEBRA LINEAL PARA COMPUTACION,1,,,,,,,,,
221,TI4200 - ECONOMIA,1,,,,,,,,,
221,TI4500 - INGENIERIA DE REQUERIMIENTOS,1,,,,,,,,,
221,TI4601 - BASES DE DATOS AVANZADOS,1,,,,,,,,,
221,TI5300 - COMPORTAMIENTO ORGANIZACIONAL Y GESTION DE CAMBIOS,1,,,,,,,,,
221,TI6702 - INFRAESTRUCTURA TECNOLOGICA 2,1,,,,,,,,,
222,CI4401 - INGLES II (ATI),1,,,,,,,,,
222,ID1118 - FUNDAMENTOS DEL DISEÑO,1,,,,,,,,,
222,ID2204 - HERRAMIENTAS DIGITALES PARA DISEÑO,1,,,,,,,,,
222,MA1404 - CALCULO,1,,,,,,,,,
223,MA2405 - ALGEBRA LINEAL PARA COMPUTACION,1,,,,,,,,,
223,TI4101 - PLANIFICACION Y PRESUPUESTO,1,,,,,,,,,
223,TI4200 - ECONOMIA,1,,,,,,,,,
223,TI5501 - DISEÑO DE SOFTWARE,1,,,,,,,,,
223,TI6702 - INFRAESTRUCTURA TECNOLOGICA 2,1,,,,,,,,,
224,CI4401 - INGLES II (ATI),1,,,,,,,,,
224,MA1404 - CALCULO,,,,1,,,,,,
224,TI2403 - ORGANIZACION Y ARQUITECTURA DE COMPUTADORAS,,1,,,,,,,,
224,TI3600 - BASES DE DATOS,,1,,,,,,,,
225,MA0101 - MATEMATICA GENERAL,,1,,,,,,,,
225,MA1403 - MATEMATICA DISCRETA,,1,,,,,,,,
225,SE1105 - ARTES MUSICALES,1,,,,,,,,,
225,TI2102 - INFORMACION CONTABLE II,,1,,,,,,,,
226,TI6101 - MERCADEO DE PRODUCTOS DE ALTA TECNOLOGIA,1,,,,,,,,,
226,"TI6108 - PRODUCCION, LOGISTICA Y CALIDAD",1,,,,,,,,,
226,TI6502 - ESPECIFICACION DE SOFTWARE,1,,,,,,,,,
226,TI6702 - INFRAESTRUCTURA TECNOLOGICA 2,1,,,,,,,,,
226,TI8509 - HABILIDADES DIRECTIVAS PARA EL ADMINISTRADOR DE TECNOLOGIA DE LA INFORMACION,1,,,,,,,,,
226,TI9003 - COMPUTACION Y SOCIEDAD,1,,,,,,,,,
227,SE1103 - DANZA,1,,,,,,,,,
227,TI5501 - DISEÑO DE SOFTWARE,,1,,,,,,,,
227,TI6702 - INFRAESTRUCTURA TECNOLOGICA 2,1,,,,,,,,,
227,TI6900 - INTELIGENCIA DE NEGOCIOS,1,,,,,,,,,
228,AE1123 - CONTABILIDAD II,1,,,,,,,,,
228,MA0101 - MATEMATICA GENERAL,,1,,,,,,,,
228,TI1400 - INTRODUCCION A LA PROGRAMACION,,,,1,,,,,,
228,TI1401 - TALLER DE PROGRAMACION,,,,1,,,,,,
228,TI2800 - ADMINISTRACION DE PROYECTOS I,,1,,,,,,,,
229,CI0202 - INGLES BASICO,1,,,,,,,,,
229,CS4402 - SEMINARIO DE ESTUDIOS COSTARRICENSES,1,,,,,,,,,
229,MA1404 - CALCULO,1,,,,,,,,,
229,SE1204 - NATACION,1,,,,,,,,,
229,TI3600 - BASES DE DATOS,1,,,,,,,,,
229,TI4101 - PLANIFICACION Y PRESUPUESTO,1,,,,,,,,,
229,TI6702 - INFRAESTRUCTURA TECNOLOGICA 2,1,,,,,,,,,
230,CS4402 - SEMINARIO DE ESTUDIOS COSTARRICENSES,1,,,,,,,,,
230,TI2102 - INFORMACION CONTABLE II,1,,,,,,,,,
230,TI2800 - ADMINISTRACION DE PROYECTOS I,1,,,,,,,,,
231,CS4402 - SEMINARIO DE ESTUDIOS COSTARRICENSES,1,,,,,,,,,
231,MA2404 - PROBABILIDADES,1,,,,,,,,,
231,TI5501 - DISEÑO DE SOFTWARE,1,,,,,,,,,
231,TI6702 - INFRAESTRUCTURA TECNOLOGICA 2,1,,,,,,,,,
231,TI6900 - INTELIGENCIA DE NEGOCIOS,1,,,,,,,,,
232,TI5300 - COMPORTAMIENTO ORGANIZACIONAL Y GESTION DE CAMBIOS,1,,,,,,,,,
232,TI5501 - DISEÑO DE SOFTWARE,1,,,,,,,,,
232,TI6702 - INFRAESTRUCTURA TECNOLOGICA 2,1,,,,,,,,,
232,TI6900 - INTELIGENCIA DE NEGOCIOS,1,,,,,,,,,
233,MA1404 - CALCULO,,1,,,,,,,,
233,SE1205 - JUEGOS Y DEPORTES EN CONJUNTO,1,,,,,,,,,
233,TI4200 - ECONOMIA,1,,,,,,,,,
233,TI6502 - ESPECIFICACION DE SOFTWARE,1,,,,,,,,,
233,TI6702 - INFRAESTRUCTURA TECNOLOGICA 2,1,,,,,,,,,
233,TI6900 - INTELIGENCIA DE NEGOCIOS,1,,,,,,,,,
234,CI4401 - INGLES II (ATI),1,,,,,,,,,
234,CS4402 - SEMINARIO DE ESTUDIOS COSTARRICENSES,1,,,,,,,,,
234,SE1104 - ARTES VISUALES,1,,,,,,,,,
234,TI6502 - ESPECIFICACION DE SOFTWARE,1,,,,,,,,,
234,TI6702 - INFRAESTRUCTURA TECNOLOGICA 2,1,,,,,,,,,
234,TI6900 - INTELIGENCIA DE NEGOCIOS,1,,,,,,,,,
235,MA2404 - PROBABILIDADES,1,,,,,,,,,
235,TI3404 - LENGUAJES DE PROGRAMACION,,,1,,,,,,,
235,TI3600 - BASES DE DATOS,,1,,,,,,,,
235,"TI6108 - PRODUCCION, LOGISTICA Y CALIDAD",1,,,,,,,,,
235,TI6702 - INFRAESTRUCTURA TECNOLOGICA 2,1,,,,,,,,,
236,CS3401 - SEMINARIO DE ESTUDIOS FILOSOFICOS HISTORICOS,1,,,,,,,,,
236,MA0101 - MATEMATICA GENERAL,,,,1,,,,,,
236,MA1403 - MATEMATICA DISCRETA,,1,,,,,,,,
236,TI2102 - INFORMACION CONTABLE II,1,,,,,,,,,
236,TI2800 - ADMINISTRACION DE PROYECTOS I,,1,,,,,,,,
237,TI4101 - PLANIFICACION Y PRESUPUESTO,1,,,,,,,,,
237,TI4200 - ECONOMIA,1,,,,,,,,,
237,TI4500 - INGENIERIA DE REQUERIMIENTOS,1,,,,,,,,,
237,TI4601 - BASES DE DATOS AVANZADOS,1,,,,,,,,,
238,MA2405 - ALGEBRA LINEAL PARA COMPUTACION,1,,,,,,,,,
238,TI3404 - LENGUAJES DE PROGRAMACION,,1,,,,,,,,
238,TI4101 - PLANIFICACION Y PRESUPUESTO,1,,,,,,,,,
238,TI4200 - ECONOMIA,1,,,,,,,,,
238,TI4500 - INGENIERIA DE REQUERIMIENTOS,1,,,,,,,,,
238,TI4601 - BASES DE DATOS AVANZADOS,1,,,,,,,,,
239,CI4401 - INGLES II (ATI),1,,,,,,,,,
239,MA2404 - PROBABILIDADES,1,,,,,,,,,
239,TI4101 - PLANIFICACION Y PRESUPUESTO,1,,,,,,,,,
239,TI4200 - ECONOMIA,1,,,,,,,,,
239,TI4500 - INGENIERIA DE REQUERIMIENTOS,1,,,,,,,,,
239,TI4601 - BASES DE DATOS AVANZADOS,1,,,,,,,,,
240,CI4401 - INGLES II (ATI),1,,,,,,,,,
240,MA1404 - CALCULO,1,,,,,,,,,
240,SE1205 - JUEGOS Y DEPORTES EN CONJUNTO,1,,,,,,,,,
240,TI3600 - BASES DE DATOS,1,,,,,,,,,
240,TI4101 - PLANIFICACION Y PRESUPUESTO,1,,,,,,,,,
241,CI3400 - INGLES 1  (ATI),1,,,,,,,,,
241,MA2404 - PROBABILIDADES,1,,,,,,,,,
241,TI4101 - PLANIFICACION Y PRESUPUESTO,1,,,,,,,,,
241,TI4200 - ECONOMIA,1,,,,,,,,,
241,TI4500 - INGENIERIA DE REQUERIMIENTOS,1,,,,,,,,,
241,TI4601 - BASES DE DATOS AVANZADOS,1,,,,,,,,,
242,TI2102 - INFORMACION CONTABLE II,1,,,,,,,,,
242,TI2402 - ALGORITMOS Y ESTRUCTURAS DE DATOS,1,,,,,,,,,
242,TI2403 - ORGANIZACION Y ARQUITECTURA DE COMPUTADORAS,1,,,,,,,,,
242,TI2800 - ADMINISTRACION DE PROYECTOS I,1,,,,,,,,,
243,MA1403 - MATEMATICA DISCRETA,,1,,,,,,,,
243,TI2102 - INFORMACION CONTABLE II,,1,,,,,,,,
243,TI3404 - LENGUAJES DE PROGRAMACION,1,,,,,,,,,
243,TI5300 - COMPORTAMIENTO ORGANIZACIONAL Y GESTION DE CAMBIOS,1,,,,,,,,,
244,CS4402 - SEMINARIO DE ESTUDIOS COSTARRICENSES,1,,,,,,,,,
244,MA1403 - MATEMATICA DISCRETA,,,1,,,,,,,
244,TI2102 - INFORMACION CONTABLE II,,1,,,,,,,,
244,TI2800 - ADMINISTRACION DE PROYECTOS I,,1,,,,,,,,
244,TI3404 - LENGUAJES DE PROGRAMACION,1,,,,,,,,,
245,CI3400 - INGLES 1  (ATI),,1,,,,,,,,
245,CS4402 - SEMINARIO DE ESTUDIOS COSTARRICENSES,1,,,,,,,,,
245,MA1404 - CALCULO,,1,,,,,,,,
245,TI2800 - ADMINISTRACION DE PROYECTOS I,,1,,,,,,,,
245,TI4101 - PLANIFICACION Y PRESUPUESTO,1,,,,,,,,,
245,TI4601 - BASES DE DATOS AVANZADOS,1,,,,,,,,,
246,MA0101 - MATEMATICA GENERAL,,,1,,,,,,,
246,TI2403 - ORGANIZACION Y ARQUITECTURA DE COMPUTADORAS,1,,,,,,,,,
246,TI2800 - ADMINISTRACION DE PROYECTOS I,1,,,,,,,,,
246,TI3600 - BASES DE DATOS,1,,,,,,,,,
246,TI4101 - PLANIFICACION Y PRESUPUESTO,1,,,,,,,,,
247,CS4402 - SEMINARIO DE ESTUDIOS COSTARRICENSES,1,,,,,,,,,
247,MA1404 - CALCULO,,1,,,,,,,,
247,TI3404 - LENGUAJES DE PROGRAMACION,1,,,,,,,,,
247,TI3600 - BASES DE DATOS,1,,,,,,,,,
247,TI4101 - PLANIFICACION Y PRESUPUESTO,1,,,,,,,,,
248,CI4401 - INGLES II (ATI),1,,,,,,,,,
248,MA2404 - PROBABILIDADES,1,,,,,,,,,
248,SE1105 - ARTES MUSICALES,1,,,,,,,,,
248,TI4101 - PLANIFICACION Y PRESUPUESTO,1,,,,,,,,,
248,TI4200 - ECONOMIA,1,,,,,,,,,
248,TI4500 - INGENIERIA DE REQUERIMIENTOS,1,,,,,,,,,
248,TI4601 - BASES DE DATOS AVANZADOS,1,,,,,,,,,
249,CS3401 - SEMINARIO DE ESTUDIOS FILOSOFICOS HISTORICOS,,1,,,,,,,,
249,TI3404 - LENGUAJES DE PROGRAMACION,1,,,,,,,,,
249,TI3600 - BASES DE DATOS,,1,,,,,,,,
249,TI5300 - COMPORTAMIENTO ORGANIZACIONAL Y GESTION DE CAMBIOS,1,,,,,,,,,
250,CI3400 - INGLES 1  (ATI),1,,,,,,,,,
250,CS4402 - SEMINARIO DE ESTUDIOS COSTARRICENSES,1,,,,,,,,,
250,MA1404 - CALCULO,1,,,,,,,,,
250,TI3600 - BASES DE DATOS,1,,,,,,,,,
250,TI4101 - PLANIFICACION Y PRESUPUESTO,1,,,,,,,,,
251,CI4401 - INGLES II (ATI),1,,,,,,,,,
251,MA1404 - CALCULO,1,,,,,,,,,
251,SE1105 - ARTES MUSICALES,1,,,,,,,,,
251,TI4101 - PLANIFICACION Y PRESUPUESTO,1,,,,,,,,,
251,TI4500 - INGENIERIA DE REQUERIMIENTOS,1,,,,,,,,,
251,TI4601 - BASES DE DATOS AVANZADOS,1,,,,,,,,,
252,CI1403 - COMUNICACION TECNICA,1,,,,,,,,,
252,CI4401 - INGLES II (ATI),1,,,,,,,,,
252,MA1404 - CALCULO,,1,,,,,,,,
252,TI4101 - PLANIFICACION Y PRESUPUESTO,1,,,,,,,,,
252,TI4200 - ECONOMIA,1,,,,,,,,,
252,TI4500 - INGENIERIA DE REQUERIMIENTOS,1,,,,,,,,,
252,TI4601 - BASES DE DATOS AVANZADOS,1,,,,,,,,,
253,CI3400 - INGLES 1  (ATI),1,,,,,,,,,
253,CS3401 - SEMINARIO DE ESTUDIOS FILOSOFICOS HISTORICOS,,1,,,,,,,,
253,MA0101 - MATEMATICA GENERAL,,1,,,,,,,,
254,CS3401 - SEMINARIO DE ESTUDIOS FILOSOFICOS HISTORICOS,1,,,,,,,,,
254,MA1404 - CALCULO,1,,,,,,,,,
254,TI3600 - BASES DE DATOS,1,,,,,,,,,
254,TI4101 - PLANIFICACION Y PRESUPUESTO,1,,,,,,,,,
255,CI4401 - INGLES II (ATI),1,,,,,,,,,
255,CS4402 - SEMINARIO DE ESTUDIOS COSTARRICENSES,1,,,,,,,,,
255,MA1404 - CALCULO,1,,,,,,,,,
255,TI2800 - ADMINISTRACION DE PROYECTOS I,,1,,,,,,,,
255,TI3600 - BASES DE DATOS,1,,,,,,,,,
255,TI4101 - PLANIFICACION Y PRESUPUESTO,1,,,,,,,,,
256,SE1102 - ACCION SOCIAL,1,,,,,,,,,
257,CS3401 - SEMINARIO DE ESTUDIOS FILOSOFICOS HISTORICOS,1,,,,,,,,,
257,MA2404 - PROBABILIDADES,1,,,,,,,,,
257,SE1105 - ARTES MUSICALES,1,,,,,,,,,
257,TI4101 - PLANIFICACION Y PRESUPUESTO,1,,,,,,,,,
257,TI4200 - ECONOMIA,1,,,,,,,,,
257,TI4500 - INGENIERIA DE REQUERIMIENTOS,1,,,,,,,,,
257,TI4601 - BASES DE DATOS AVANZADOS,1,,,,,,,,,
258,MA1404 - CALCULO,1,,,,,,,,,
258,TI3600 - BASES DE DATOS,1,,,,,,,,,
258,TI4101 - PLANIFICACION Y PRESUPUESTO,1,,,,,,,,,
259,MA2404 - PROBABILIDADES,1,,,,,,,,,
259,TI3404 - LENGUAJES DE PROGRAMACION,1,,,,,,,,,
259,TI4500 - INGENIERIA DE REQUERIMIENTOS,1,,,,,,,,,
259,TI4601 - BASES DE DATOS AVANZADOS,1,,,,,,,,,
259,TI5300 - COMPORTAMIENTO ORGANIZACIONAL Y GESTION DE CAMBIOS,1,,,,,,,,,
259,TI9003 - COMPUTACION Y SOCIEDAD,1,,,,,,,,,
260,MA1404 - CALCULO,,1,,,,,,,,
260,TI2102 - INFORMACION CONTABLE II,1,,,,,,,,,
260,TI2800 - ADMINISTRACION DE PROYECTOS I,1,,,,,,,,,
260,TI3404 - LENGUAJES DE PROGRAMACION,1,,,,,,,,,
261,CI4401 - INGLES II (ATI),1,,,,,,,,,
261,MA2405 - ALGEBRA LINEAL PARA COMPUTACION,1,,,,,,,,,
261,TI2403 - ORGANIZACION Y ARQUITECTURA DE COMPUTADORAS,,1,,,,,,,,
261,TI3600 - BASES DE DATOS,1,,,,,,,,,
261,TI4101 - PLANIFICACION Y PRESUPUESTO,1,,,,,,,,,
261,TI4200 - ECONOMIA,1,,,,,,,,,
262,CI4401 - INGLES II (ATI),1,,,,,,,,,
262,MA2405 - ALGEBRA LINEAL PARA COMPUTACION,1,,,,,,,,,
262,TI2403 - ORGANIZACION Y ARQUITECTURA DE COMPUTADORAS,1,,,,,,,,,
262,TI2800 - ADMINISTRACION DE PROYECTOS I,1,,,,,,,,,
262,TI3600 - BASES DE DATOS,1,,,,,,,,,
262,TI4101 - PLANIFICACION Y PRESUPUESTO,1,,,,,,,,,
263,CI4401 - INGLES II (ATI),1,,,,,,,,,
263,MA2404 - PROBABILIDADES,1,,,,,,,,,
263,TI4101 - PLANIFICACION Y PRESUPUESTO,1,,,,,,,,,
263,TI4200 - ECONOMIA,1,,,,,,,,,
263,TI4500 - INGENIERIA DE REQUERIMIENTOS,1,,,,,,,,,
263,TI4601 - BASES DE DATOS AVANZADOS,1,,,,,,,,,
264,CI4401 - INGLES II (ATI),1,,,,,,,,,
264,MA1404 - CALCULO,1,,,,,,,,,
264,TI2102 - INFORMACION CONTABLE II,,1,,,,,,,,
264,TI2403 - ORGANIZACION Y ARQUITECTURA DE COMPUTADORAS,1,,,,,,,,,
264,TI5300 - COMPORTAMIENTO ORGANIZACIONAL Y GESTION DE CAMBIOS,1,,,,,,,,,
265,MA1404 - CALCULO,1,,,,,,,,,
265,TI2800 - ADMINISTRACION DE PROYECTOS I,,1,,,,,,,,
265,TI3600 - BASES DE DATOS,1,,,,,,,,,
265,TI4101 - PLANIFICACION Y PRESUPUESTO,1,,,,,,,,,
266,MA1404 - CALCULO,1,,,,,,,,,
266,SE1205 - JUEGOS Y DEPORTES EN CONJUNTO,1,,,,,,,,,
266,TI4101 - PLANIFICACION Y PRESUPUESTO,1,,,,,,,,,
266,TI4500 - INGENIERIA DE REQUERIMIENTOS,1,,,,,,,,,
266,TI4601 - BASES DE DATOS AVANZADOS,1,,,,,,,,,
267,CI4401 - INGLES II (ATI),1,,,,,,,,,
267,MA1404 - CALCULO,1,,,,,,,,,
267,SE1105 - ARTES MUSICALES,1,,,,,,,,,
267,TI4101 - PLANIFICACION Y PRESUPUESTO,1,,,,,,,,,
267,TI4500 - INGENIERIA DE REQUERIMIENTOS,1,,,,,,,,,
267,TI4601 - BASES DE DATOS AVANZADOS,1,,,,,,,,,
268,CI4401 - INGLES II (ATI),1,,,,,,,,,
268,MA1404 - CALCULO,,1,,,,,,,,
268,SE1204 - NATACION,1,,,,,,,,,
268,TI3404 - LENGUAJES DE PROGRAMACION,1,,,,,,,,,
268,TI3600 - BASES DE DATOS,1,,,,,,,,,
268,TI4101 - PLANIFICACION Y PRESUPUESTO,1,,,,,,,,,
269,MA1404 - CALCULO,1,,,,,,,,,
269,TI2800 - ADMINISTRACION DE PROYECTOS I,,1,,,,,,,,
269,TI3404 - LENGUAJES DE PROGRAMACION,1,,,,,,,,,
269,TI3600 - BASES DE DATOS,1,,,,,,,,,
269,TI4101 - PLANIFICACION Y PRESUPUESTO,1,,,,,,,,,
270,IC1802 - INTRODUCCION A LA PROGRAMACION,1,,,,,,,,,
270,IC3002 - ANALISIS DE ALGORITMOS,1,,,,,,,,,
270,IC3101 - ARQUITECTURA DE COMPUTADORES,1,,,,,,,,,
270,TI3600 - BASES DE DATOS,1,,,,,,,,,
271,MA1403 - MATEMATICA DISCRETA,,1,,,,,,,,
271,TI2402 - ALGORITMOS Y ESTRUCTURAS DE DATOS,,,1,,,,,,,
271,TI2403 - ORGANIZACION Y ARQUITECTURA DE COMPUTADORAS,,1,,,,,,,,
272,CS3401 - SEMINARIO DE ESTUDIOS FILOSOFICOS HISTORICOS,1,,,,,,,,,
272,MA2404 - PROBABILIDADES,1,,,,,,,,,
272,SE1105 - ARTES MUSICALES,1,,,,,,,,,
272,TI4101 - PLANIFICACION Y PRESUPUESTO,1,,,,,,,,,
272,TI4200 - ECONOMIA,1,,,,,,,,,
272,TI4500 - INGENIERIA DE REQUERIMIENTOS,1,,,,,,,,,
272,TI4601 - BASES DE DATOS AVANZADOS,1,,,,,,,,,
273,CI0202 - INGLES BASICO,1,,,,,,,,,
273,CI1403 - COMUNICACION TECNICA,1,,,,,,,,,
273,MA0101 - MATEMATICA GENERAL,,,1,,,,,,,
273,SE1221 - FUTBOL I,1,,,,,,,,,
273,TI4101 - PLANIFICACION Y PRESUPUESTO,1,,,,,,,,,
273,TI4601 - BASES DE DATOS AVANZADOS,1,,,,,,,,,
274,CA2125 - ELEMENTOS DE COMPUTACION,1,,,,,,,,,
274,MA0101 - MATEMATICA GENERAL,,1,,,,,,,,
274,MA1403 - MATEMATICA DISCRETA,,1,,,,,,,,
274,QU1102 - LABORATORIO DE QUIMICA BASICA I,1,,,,,,,,,
274,QU1106 - QUIMICA BASICA I,1,,,,,,,,,
274,TI2800 - ADMINISTRACION DE PROYECTOS I,,1,,,,,,,,
275,MA2405 - ALGEBRA LINEAL PARA COMPUTACION,1,,,,,,,,,
275,TI2403 - ORGANIZACION Y ARQUITECTURA DE COMPUTADORAS,1,,,,,,,,,
275,TI2800 - ADMINISTRACION DE PROYECTOS I,1,,,,,,,,,
275,TI4101 - PLANIFICACION Y PRESUPUESTO,1,,,,,,,,,
275,TI4200 - ECONOMIA,1,,,,,,,,,
276,MA0101 - MATEMATICA GENERAL,1,,,,,,,,,
276,SE1104 - ARTES VISUALES,1,,,,,,,,,
276,TI2102 - INFORMACION CONTABLE II,1,,,,,,,,,
276,TI2402 - ALGORITMOS Y ESTRUCTURAS DE DATOS,1,,,,,,,,,
276,TI2403 - ORGANIZACION Y ARQUITECTURA DE COMPUTADORAS,1,,,,,,,,,
276,TI2800 - ADMINISTRACION DE PROYECTOS I,1,,,,,,,,,
277,MA1404 - CALCULO,1,,,,,,,,,
277,TI2102 - INFORMACION CONTABLE II,1,,,,,,,,,
277,TI2402 - ALGORITMOS Y ESTRUCTURAS DE DATOS,1,,,,,,,,,
277,TI2403 - ORGANIZACION Y ARQUITECTURA DE COMPUTADORAS,1,,,,,,,,,
277,TI2800 - ADMINISTRACION DE PROYECTOS I,1,,,,,,,,,
278,CS3401 - SEMINARIO DE ESTUDIOS FILOSOFICOS HISTORICOS,1,,,,,,,,,
278,SE1221 - FUTBOL I,1,,,,,,,,,
278,TI1400 - INTRODUCCION A LA PROGRAMACION,,1,,,,,,,,
278,TI2102 - INFORMACION CONTABLE II,1,,,,,,,,,
278,TI2403 - ORGANIZACION Y ARQUITECTURA DE COMPUTADORAS,1,,,,,,,,,
278,TI2800 - ADMINISTRACION DE PROYECTOS I,1,,,,,,,,,
279,MA1403 - MATEMATICA DISCRETA,,1,,,,,,,,
279,SE1104 - ARTES VISUALES,1,,,,,,,,,
279,TI1400 - INTRODUCCION A LA PROGRAMACION,,1,,,,,,,,
279,TI2102 - INFORMACION CONTABLE II,1,,,,,,,,,
279,TI2403 - ORGANIZACION Y ARQUITECTURA DE COMPUTADORAS,1,,,,,,,,,
279,TI2800 - ADMINISTRACION DE PROYECTOS I,1,,,,,,,,,
280,CI3400 - INGLES 1  (ATI),1,,,,,,,,,
280,CS3401 - SEMINARIO DE ESTUDIOS FILOSOFICOS HISTORICOS,1,,,,,,,,,
280,SE1206 - ACONDICIONAMIENTO FISICO,1,,,,,,,,,
280,TI2402 - ALGORITMOS Y ESTRUCTURAS DE DATOS,1,,,,,,,,,
280,TI2403 - ORGANIZACION Y ARQUITECTURA DE COMPUTADORAS,1,,,,,,,,,
280,TI2800 - ADMINISTRACION DE PROYECTOS I,1,,,,,,,,,
281,MA1403 - MATEMATICA DISCRETA,1,,,,,,,,,
281,SE1201 - ATLETISMO,1,,,,,,,,,
281,TI2102 - INFORMACION CONTABLE II,1,,,,,,,,,
281,TI2402 - ALGORITMOS Y ESTRUCTURAS DE DATOS,1,,,,,,,,,
281,TI2403 - ORGANIZACION Y ARQUITECTURA DE COMPUTADORAS,1,,,,,,,,,
281,TI2800 - ADMINISTRACION DE PROYECTOS I,1,,,,,,,,,
282,CI0202 - INGLES BASICO,1,,,,,,,,,
282,CI1403 - COMUNICACION TECNICA,1,,,,,,,,,
282,MA0101 - MATEMATICA GENERAL,,1,,,,,,,,
282,SE1104 - ARTES VISUALES,1,,,,,,,,,
282,TI2402 - ALGORITMOS Y ESTRUCTURAS DE DATOS,1,,,,,,,,,
282,TI2403 - ORGANIZACION Y ARQUITECTURA DE COMPUTADORAS,1,,,,,,,,,
282,TI2800 - ADMINISTRACION DE PROYECTOS I,1,,,,,,,,,
283,MA0101 - MATEMATICA GENERAL,,1,,,,,,,,
283,SE1104 - ARTES VISUALES,1,,,,,,,,,
283,TI2102 - INFORMACION CONTABLE II,1,,,,,,,,,
283,TI2402 - ALGORITMOS Y ESTRUCTURAS DE DATOS,1,,,,,,,,,
283,TI2403 - ORGANIZACION Y ARQUITECTURA DE COMPUTADORAS,1,,,,,,,,,
284,CS3401 - SEMINARIO DE ESTUDIOS FILOSOFICOS HISTORICOS,1,,,,,,,,,
284,MA1404 - CALCULO,1,,,,,,,,,
284,SE1218 - AJEDREZ,1,,,,,,,,,
284,TI2102 - INFORMACION CONTABLE II,1,,,,,,,,,
284,TI2402 - ALGORITMOS Y ESTRUCTURAS DE DATOS,1,,,,,,,,,
284,TI2403 - ORGANIZACION Y ARQUITECTURA DE COMPUTADORAS,1,,,,,,,,,
284,TI2800 - ADMINISTRACION DE PROYECTOS I,1,,,,,,,,,
285,CS3401 - SEMINARIO DE ESTUDIOS FILOSOFICOS HISTORICOS,1,,,,,,,,,
285,MA0101 - MATEMATICA GENERAL,,1,,,,,,,,
285,MA1403 - MATEMATICA DISCRETA,,1,,,,,,,,
285,SE1221 - FUTBOL I,1,,,,,,,,,
285,TI1400 - INTRODUCCION A LA PROGRAMACION,,1,,,,,,,,
285,TI2102 - INFORMACION CONTABLE II,1,,,,,,,,,
285,TI2800 - ADMINISTRACION DE PROYECTOS I,1,,,,,,,,,
286,CI3400 - INGLES 1  (ATI),1,,,,,,,,,
286,CS3401 - SEMINARIO DE ESTUDIOS FILOSOFICOS HISTORICOS,1,,,,,,,,,
286,MA1404 - CALCULO,1,,,,,,,,,
286,SE1205 - JUEGOS Y DEPORTES EN CONJUNTO,1,,,,,,,,,
286,TI1400 - INTRODUCCION A LA PROGRAMACION,,1,,,,,,,,
286,TI2102 - INFORMACION CONTABLE II,1,,,,,,,,,
286,TI2403 - ORGANIZACION Y ARQUITECTURA DE COMPUTADORAS,1,,,,,,,,,
286,TI2800 - ADMINISTRACION DE PROYECTOS I,1,,,,,,,,,
287,MA0101 - MATEMATICA GENERAL,1,,,,,,,,,
287,MA1403 - MATEMATICA DISCRETA,1,,,,,,,,,
288,MA1403 - MATEMATICA DISCRETA,1,,,,,,,,,
288,SE1104 - ARTES VISUALES,1,,,,,,,,,
288,TI2102 - INFORMACION CONTABLE II,1,,,,,,,,,
288,TI2402 - ALGORITMOS Y ESTRUCTURAS DE DATOS,1,,,,,,,,,
288,TI2403 - ORGANIZACION Y ARQUITECTURA DE COMPUTADORAS,1,,,,,,,,,
288,TI2800 - ADMINISTRACION DE PROYECTOS I,1,,,,,,,,,
289,MA1403 - MATEMATICA DISCRETA,,1,,,,,,,,
289,TI2102 - INFORMACION CONTABLE II,1,,,,,,,,,
289,TI2402 - ALGORITMOS Y ESTRUCTURAS DE DATOS,1,,,,,,,,,
289,TI2403 - ORGANIZACION Y ARQUITECTURA DE COMPUTADORAS,1,,,,,,,,,
289,TI2800 - ADMINISTRACION DE PROYECTOS I,1,,,,,,,,,
290,CI0202 - INGLES BASICO,1,,,,,,,,,
290,CI1403 - COMUNICACION TECNICA,1,,,,,,,,,
290,MA0101 - MATEMATICA GENERAL,1,,,,,,,,,
290,SE1204 - NATACION,1,,,,,,,,,
290,TI1400 - INTRODUCCION A LA PROGRAMACION,1,,,,,,,,,
290,TI1401 - TALLER DE PROGRAMACION,1,,,,,,,,,
290,TI2800 - ADMINISTRACION DE PROYECTOS I,1,,,,,,,,,
291,SE1219 - BALONCESTO RECREATIVO,1,,,,,,,,,
291,TI2102 - INFORMACION CONTABLE II,1,,,,,,,,,
291,TI2402 - ALGORITMOS Y ESTRUCTURAS DE DATOS,1,,,,,,,,,
291,TI2403 - ORGANIZACION Y ARQUITECTURA DE COMPUTADORAS,1,,,,,,,,,
291,TI2800 - ADMINISTRACION DE PROYECTOS I,1,,,,,,,,,
292,MA0101 - MATEMATICA GENERAL,,1,,,,,,,,
292,TI2102 - INFORMACION CONTABLE II,1,,,,,,,,,
292,TI2402 - ALGORITMOS Y ESTRUCTURAS DE DATOS,1,,,,,,,,,
292,TI2403 - ORGANIZACION Y ARQUITECTURA DE COMPUTADORAS,1,,,,,,,,,
292,TI2800 - ADMINISTRACION DE PROYECTOS I,1,,,,,,,,,
293,CS3401 - SEMINARIO DE ESTUDIOS FILOSOFICOS HISTORICOS,1,,,,,,,,,
293,MA0101 - MATEMATICA GENERAL,,1,,,,,,,,
293,SE1221 - FUTBOL I,1,,,,,,,,,
293,TI1400 - INTRODUCCION A LA PROGRAMACION,,1,,,,,,,,
293,TI2102 - INFORMACION CONTABLE II,1,,,,,,,,,
293,TI2403 - ORGANIZACION Y ARQUITECTURA DE COMPUTADORAS,1,,,,,,,,,
293,TI2800 - ADMINISTRACION DE PROYECTOS I,1,,,,,,,,,
294,CI4401 - INGLES II (ATI),1,,,,,,,,,
294,MA0101 - MATEMATICA GENERAL,,1,,,,,,,,
294,MA1403 - MATEMATICA DISCRETA,1,,,,,,,,,
294,TI1400 - INTRODUCCION A LA PROGRAMACION,1,,,,,,,,,
294,TI1401 - TALLER DE PROGRAMACION,1,,,,,,,,,
295,CS3401 - SEMINARIO DE ESTUDIOS FILOSOFICOS HISTORICOS,1,,,,,,,,,
295,MA1403 - MATEMATICA DISCRETA,1,,,,,,,,,
295,SE1204 - NATACION,1,,,,,,,,,
295,TI2102 - INFORMACION CONTABLE II,1,,,,,,,,,
295,TI2402 - ALGORITMOS Y ESTRUCTURAS DE DATOS,1,,,,,,,,,
295,TI2403 - ORGANIZACION Y ARQUITECTURA DE COMPUTADORAS,1,,,,,,,,,
295,TI2800 - ADMINISTRACION DE PROYECTOS I,1,,,,,,,,,
296,MA0101 - MATEMATICA GENERAL,1,,,,,,,,,
296,TI1400 - INTRODUCCION A LA PROGRAMACION,,1,,,,,,,,
296,TI2102 - INFORMACION CONTABLE II,1,,,,,,,,,
296,TI2403 - ORGANIZACION Y ARQUITECTURA DE COMPUTADORAS,1,,,,,,,,,
296,TI2800 - ADMINISTRACION DE PROYECTOS I,1,,,,,,,,,
297,CI0202 - INGLES BASICO,1,,,,,,,,,
297,MA0101 - MATEMATICA GENERAL,,1,,,,,,,,
297,TI1400 - INTRODUCCION A LA PROGRAMACION,,1,,,,,,,,
297,TI1401 - TALLER DE PROGRAMACION,,1,,,,,,,,
297,TI2102 - INFORMACION CONTABLE II,1,,,,,,,,,
298,MA1404 - CALCULO,1,,,,,,,,,
298,SE1221 - FUTBOL I,1,,,,,,,,,
298,TI2102 - INFORMACION CONTABLE II,1,,,,,,,,,
298,TI2402 - ALGORITMOS Y ESTRUCTURAS DE DATOS,1,,,,,,,,,
298,TI2403 - ORGANIZACION Y ARQUITECTURA DE COMPUTADORAS,1,,,,,,,,,
298,TI2800 - ADMINISTRACION DE PROYECTOS I,1,,,,,,,,,
299,MA1403 - MATEMATICA DISCRETA,1,,,,,,,,,
299,TI1400 - INTRODUCCION A LA PROGRAMACION,,1,,,,,,,,
299,TI1401 - TALLER DE PROGRAMACION,,1,,,,,,,,
299,TI2102 - INFORMACION CONTABLE II,1,,,,,,,,,
299,TI2800 - ADMINISTRACION DE PROYECTOS I,1,,,,,,,,,
300,CI3400 - INGLES 1  (ATI),1,,,,,,,,,
300,MA0101 - MATEMATICA GENERAL,1,,,,,,,,,
300,SE1103 - DANZA,1,,,,,,,,,
300,TI2800 - ADMINISTRACION DE PROYECTOS I,1,,,,,,,,,
301,CI3400 - INGLES 1  (ATI),1,,,,,,,,,
301,ID1118 - FUNDAMENTOS DEL DISEÑO,1,,,,,,,,,
301,ID1119 - PRINCIPIOS DEL DISEÑO,1,,,,,,,,,
301,MA0101 - MATEMATICA GENERAL,,1,,,,,,,,
302,MA0101 - MATEMATICA GENERAL,,1,,,,,,,,
302,MA1403 - MATEMATICA DISCRETA,1,,,,,,,,,
302,TI2102 - INFORMACION CONTABLE II,1,,,,,,,,,
302,TI2402 - ALGORITMOS Y ESTRUCTURAS DE DATOS,1,,,,,,,,,
302,TI2403 - ORGANIZACION Y ARQUITECTURA DE COMPUTADORAS,1,,,,,,,,,
303,CS3401 - SEMINARIO DE ESTUDIOS FILOSOFICOS HISTORICOS,1,,,,,,,,,
303,MA1404 - CALCULO,1,,,,,,,,,
303,SE1221 - FUTBOL I,1,,,,,,,,,
303,TI1400 - INTRODUCCION A LA PROGRAMACION,,1,,,,,,,,
303,TI1401 - TALLER DE PROGRAMACION,,1,,,,,,,,
303,TI2102 - INFORMACION CONTABLE II,1,,,,,,,,,
303,TI2800 - ADMINISTRACION DE PROYECTOS I,1,,,,,,,,,
304,MA1403 - MATEMATICA DISCRETA,1,,,,,,,,,
304,SE1204 - NATACION,1,,,,,,,,,
304,TI2102 - INFORMACION CONTABLE II,1,,,,,,,,,
304,TI2402 - ALGORITMOS Y ESTRUCTURAS DE DATOS,1,,,,,,,,,
305,CS3401 - SEMINARIO DE ESTUDIOS FILOSOFICOS HISTORICOS,1,,,,,,,,,
305,MA0101 - MATEMATICA GENERAL,1,,,,,,,,,
305,SE1218 - AJEDREZ,1,,,,,,,,,
305,TI2102 - INFORMACION CONTABLE II,1,,,,,,,,,
305,TI2402 - ALGORITMOS Y ESTRUCTURAS DE DATOS,1,,,,,,,,,
305,TI2403 - ORGANIZACION Y ARQUITECTURA DE COMPUTADORAS,1,,,,,,,,,
305,TI2800 - ADMINISTRACION DE PROYECTOS I,1,,,,,,,,,
306,CI3400 - INGLES 1  (ATI),1,,,,,,,,,
306,MA0101 - MATEMATICA GENERAL,1,,,,,,,,,
306,SE1105 - ARTES MUSICALES,1,,,,,,,,,
306,TI2403 - ORGANIZACION Y ARQUITECTURA DE COMPUTADORAS,1,,,,,,,,,
306,TI2800 - ADMINISTRACION DE PROYECTOS I,1,,,,,,,,,
307,CI1403 - COMUNICACION TECNICA,1,,,,,,,,,
307,MA1403 - MATEMATICA DISCRETA,,1,,,,,,,,
307,TI2102 - INFORMACION CONTABLE II,1,,,,,,,,,
307,TI2402 - ALGORITMOS Y ESTRUCTURAS DE DATOS,1,,,,,,,,,
307,TI2403 - ORGANIZACION Y ARQUITECTURA DE COMPUTADORAS,1,,,,,,,,,
307,TI2800 - ADMINISTRACION DE PROYECTOS I,1,,,,,,,,,
308,MA0101 - MATEMATICA GENERAL,1,,,,,,,,,
308,TI2403 - ORGANIZACION Y ARQUITECTURA DE COMPUTADORAS,1,,,,,,,,,
309,MA1404 - CALCULO,1,,,,,,,,,
309,SE1201 - ATLETISMO,1,,,,,,,,,
309,TI2102 - INFORMACION CONTABLE II,1,,,,,,,,,
309,TI2402 - ALGORITMOS Y ESTRUCTURAS DE DATOS,1,,,,,,,,,
309,TI2403 - ORGANIZACION Y ARQUITECTURA DE COMPUTADORAS,1,,,,,,,,,
309,TI2800 - ADMINISTRACION DE PROYECTOS I,1,,,,,,,,,
310,CI3400 - INGLES 1  (ATI),1,,,,,,,,,
310,MA0101 - MATEMATICA GENERAL,1,,,,,,,,,
310,MA1403 - MATEMATICA DISCRETA,1,,,,,,,,,
311,MA1403 - MATEMATICA DISCRETA,1,,,,,,,,,
311,SE1205 - JUEGOS Y DEPORTES EN CONJUNTO,1,,,,,,,,,
311,TI2102 - INFORMACION CONTABLE II,1,,,,,,,,,
311,TI2402 - ALGORITMOS Y ESTRUCTURAS DE DATOS,1,,,,,,,,,
311,TI2403 - ORGANIZACION Y ARQUITECTURA DE COMPUTADORAS,1,,,,,,,,,
311,TI2800 - ADMINISTRACION DE PROYECTOS I,1,,,,,,,,,
312,CI0202 - INGLES BASICO,1,,,,,,,,,
312,CS3401 - SEMINARIO DE ESTUDIOS FILOSOFICOS HISTORICOS,1,,,,,,,,,
312,MA0101 - MATEMATICA GENERAL,,1,,,,,,,,
312,SE1206 - ACONDICIONAMIENTO FISICO,1,,,,,,,,,
312,TI1400 - INTRODUCCION A LA PROGRAMACION,,1,,,,,,,,
312,TI2102 - INFORMACION CONTABLE II,1,,,,,,,,,
312,TI2403 - ORGANIZACION Y ARQUITECTURA DE COMPUTADORAS,1,,,,,,,,,
312,TI2800 - ADMINISTRACION DE PROYECTOS I,1,,,,,,,,,
313,MA1403 - MATEMATICA DISCRETA,1,,,,,,,,,
313,SE1104 - ARTES VISUALES,1,,,,,,,,,
313,TI2102 - INFORMACION CONTABLE II,1,,,,,,,,,
313,TI2402 - ALGORITMOS Y ESTRUCTURAS DE DATOS,1,,,,,,,,,
313,TI2403 - ORGANIZACION Y ARQUITECTURA DE COMPUTADORAS,1,,,,,,,,,
313,TI2800 - ADMINISTRACION DE PROYECTOS I,1,,,,,,,,,
314,CI0202 - INGLES BASICO,1,,,,,,,,,
314,CI1403 - COMUNICACION TECNICA,1,,,,,,,,,
314,MA1404 - CALCULO,1,,,,,,,,,
314,SE1105 - ARTES MUSICALES,1,,,,,,,,,
314,TI1400 - INTRODUCCION A LA PROGRAMACION,1,,,,,,,,,
314,TI1401 - TALLER DE PROGRAMACION,1,,,,,,,,,
315,MA1403 - MATEMATICA DISCRETA,,1,,,,,,,,
315,SE1221 - FUTBOL I,1,,,,,,,,,
315,TI2102 - INFORMACION CONTABLE II,1,,,,,,,,,
315,TI2402 - ALGORITMOS Y ESTRUCTURAS DE DATOS,1,,,,,,,,,
315,TI2403 - ORGANIZACION Y ARQUITECTURA DE COMPUTADORAS,1,,,,,,,,,
315,TI2800 - ADMINISTRACION DE PROYECTOS I,1,,,,,,,,,
316,CI1403 - COMUNICACION TECNICA,,1,,,,,,,,
316,MA0101 - MATEMATICA GENERAL,,1,,,,,,,,
316,SE1204 - NATACION,1,,,,,,,,,
316,TI2102 - INFORMACION CONTABLE II,1,,,,,,,,,
316,TI2402 - ALGORITMOS Y ESTRUCTURAS DE DATOS,1,,,,,,,,,
316,TI2403 - ORGANIZACION Y ARQUITECTURA DE COMPUTADORAS,1,,,,,,,,,
316,TI2800 - ADMINISTRACION DE PROYECTOS I,1,,,,,,,,,
317,MA0101 - MATEMATICA GENERAL,1,,,,,,,,,
317,TI2102 - INFORMACION CONTABLE II,1,,,,,,,,,
317,TI2402 - ALGORITMOS Y ESTRUCTURAS DE DATOS,1,,,,,,,,,
317,TI2800 - ADMINISTRACION DE PROYECTOS I,1,,,,,,,,,
318,CI3400 - INGLES 1  (ATI),1,,,,,,,,,
318,MA0101 - MATEMATICA GENERAL,1,,,,,,,,,
318,MA1403 - MATEMATICA DISCRETA,1,,,,,,,,,
318,TI1400 - INTRODUCCION A LA PROGRAMACION,1,,,,,,,,,
318,TI1401 - TALLER DE PROGRAMACION,1,,,,,,,,,
318,TI2800 - ADMINISTRACION DE PROYECTOS I,1,,,,,,,,,
319,CS3401 - SEMINARIO DE ESTUDIOS FILOSOFICOS HISTORICOS,1,,,,,,,,,
319,MA1403 - MATEMATICA DISCRETA,1,,,,,,,,,
319,SE1209 - BEISBOL-SOFTBOL,1,,,,,,,,,
319,TI2102 - INFORMACION CONTABLE II,1,,,,,,,,,
319,TI2402 - ALGORITMOS Y ESTRUCTURAS DE DATOS,1,,,,,,,,,
319,TI2403 - ORGANIZACION Y ARQUITECTURA DE COMPUTADORAS,1,,,,,,,,,
319,TI2800 - ADMINISTRACION DE PROYECTOS I,1,,,,,,,,,
320,MA0101 - MATEMATICA GENERAL,,1,,,,,,,,
320,MA1403 - MATEMATICA DISCRETA,,1,,,,,,,,
320,TI2102 - INFORMACION CONTABLE II,1,,,,,,,,,
320,TI2402 - ALGORITMOS Y ESTRUCTURAS DE DATOS,1,,,,,,,,,
320,TI2403 - ORGANIZACION Y ARQUITECTURA DE COMPUTADORAS,1,,,,,,,,,
320,TI2800 - ADMINISTRACION DE PROYECTOS I,1,,,,,,,,,
321,CS3401 - SEMINARIO DE ESTUDIOS FILOSOFICOS HISTORICOS,1,,,,,,,,,
321,MA1404 - CALCULO,1,,,,,,,,,
321,SE1221 - FUTBOL I,1,,,,,,,,,
321,TI1400 - INTRODUCCION A LA PROGRAMACION,,1,,,,,,,,
321,TI2102 - INFORMACION CONTABLE II,1,,,,,,,,,
321,TI2403 - ORGANIZACION Y ARQUITECTURA DE COMPUTADORAS,1,,,,,,,,,
321,TI2800 - ADMINISTRACION DE PROYECTOS I,1,,,,,,,,,
322,MA0101 - MATEMATICA GENERAL,,1,,,,,,,,
322,SE1219 - BALONCESTO RECREATIVO,1,,,,,,,,,
322,TI2800 - ADMINISTRACION DE PROYECTOS I,1,,,,,,,,,
323,CI3400 - INGLES 1  (ATI),1,,,,,,,,,
323,MA1403 - MATEMATICA DISCRETA,1,,,,,,,,,
323,SE1101 - ARTES DRAMATICAS,1,,,,,,,,,
323,TI2403 - ORGANIZACION Y ARQUITECTURA DE COMPUTADORAS,1,,,,,,,,,
323,TI2800 - ADMINISTRACION DE PROYECTOS I,1,,,,,,,,,
324,CI0202 - INGLES BASICO,1,,,,,,,,,
324,MA0101 - MATEMATICA GENERAL,,1,,,,,,,,
324,SE1219 - BALONCESTO RECREATIVO,1,,,,,,,,,
324,TI2102 - INFORMACION CONTABLE II,1,,,,,,,,,
324,TI2402 - ALGORITMOS Y ESTRUCTURAS DE DATOS,1,,,,,,,,,
324,TI2403 - ORGANIZACION Y ARQUITECTURA DE COMPUTADORAS,1,,,,,,,,,
324,TI2800 - ADMINISTRACION DE PROYECTOS I,1,,,,,,,,,
325,CI0202 - INGLES BASICO,1,,,,,,,,,
325,CS3401 - SEMINARIO DE ESTUDIOS FILOSOFICOS HISTORICOS,1,,,,,,,,,
325,MA1403 - MATEMATICA DISCRETA,,1,,,,,,,,
325,SE1221 - FUTBOL I,1,,,,,,,,,
325,TI2102 - INFORMACION CONTABLE II,1,,,,,,,,,
326,IC1400 - FUNDAMENTOS DE ORGANIZACION DE COMPUTADORAS,1,,,,,,,,,
326,MA1403 - MATEMATICA DISCRETA,1,,,,,,,,,
326,SE1106 - APRECIACION LITERARIA,1,,,,,,,,,
326,TI2402 - ALGORITMOS Y ESTRUCTURAS DE DATOS,1,,,,,,,,,
327,IC3101 - ARQUITECTURA DE COMPUTADORES,1,,,,,,,,,
327,MA0101 - MATEMATICA GENERAL,,1,,,,,,,,
327,SE1209 - BEISBOL-SOFTBOL,1,,,,,,,,,
327,TI1400 - INTRODUCCION A LA PROGRAMACION,,1,,,,,,,,
328,CS4402 - SEMINARIO DE ESTUDIOS COSTARRICENSES,1,,,,,,,,,
328,MA0101 - MATEMATICA GENERAL,,1,,,,,,,,
328,MA1403 - MATEMATICA DISCRETA,,1,,,,,,,,
328,SE1221 - FUTBOL I,1,,,,,,,,,
328,TI1400 - INTRODUCCION A LA PROGRAMACION,,1,,,,,,,,
328,TI1401 - TALLER DE PROGRAMACION,,1,,,,,,,,
328,TI2102 - INFORMACION CONTABLE II,1,,,,,,,,,
328,TI2800 - ADMINISTRACION DE PROYECTOS I,1,,,,,,,,,
329,CS3401 - SEMINARIO DE ESTUDIOS FILOSOFICOS HISTORICOS,1,,,,,,,,,
329,MA1403 - MATEMATICA DISCRETA,1,,,,,,,,,
329,SE1221 - FUTBOL I,1,,,,,,,,,
329,TI2102 - INFORMACION CONTABLE II,1,,,,,,,,,
329,TI2402 - ALGORITMOS Y ESTRUCTURAS DE DATOS,1,,,,,,,,,
329,TI2403 - ORGANIZACION Y ARQUITECTURA DE COMPUTADORAS,1,,,,,,,,,
329,TI2800 - ADMINISTRACION DE PROYECTOS I,1,,,,,,,,,
330,CI0202 - INGLES BASICO,1,,,,,,,,,
330,MA0101 - MATEMATICA GENERAL,1,,,,,,,,,
330,SE1204 - NATACION,1,,,,,,,,,
330,TI2102 - INFORMACION CONTABLE II,1,,,,,,,,,
330,TI2402 - ALGORITMOS Y ESTRUCTURAS DE DATOS,1,,,,,,,,,
330,TI2403 - ORGANIZACION Y ARQUITECTURA DE COMPUTADORAS,1,,,,,,,,,
330,TI2800 - ADMINISTRACION DE PROYECTOS I,1,,,,,,,,,
331,MA1403 - MATEMATICA DISCRETA,1,,,,,,,,,
331,SE1105 - ARTES MUSICALES,1,,,,,,,,,
331,TI2102 - INFORMACION CONTABLE II,1,,,,,,,,,
331,TI2402 - ALGORITMOS Y ESTRUCTURAS DE DATOS,1,,,,,,,,,
331,TI2403 - ORGANIZACION Y ARQUITECTURA DE COMPUTADORAS,1,,,,,,,,,
331,TI2800 - ADMINISTRACION DE PROYECTOS I,1,,,,,,,,,
332,CI0202 - INGLES BASICO,1,,,,,,,,,
332,CI1403 - COMUNICACION TECNICA,,1,,,,,,,,
332,MA0101 - MATEMATICA GENERAL,,1,,,,,,,,
332,SE1221 - FUTBOL I,1,,,,,,,,,
332,TI2102 - INFORMACION CONTABLE II,1,,,,,,,,,
332,TI2800 - ADMINISTRACION DE PROYECTOS I,1,,,,,,,,,
333,MA1403 - MATEMATICA DISCRETA,1,,,,,,,,,
333,SE1104 - ARTES VISUALES,1,,,,,,,,,
333,TI2102 - INFORMACION CONTABLE II,1,,,,,,,,,
333,TI2402 - ALGORITMOS Y ESTRUCTURAS DE DATOS,1,,,,,,,,,
333,TI2403 - ORGANIZACION Y ARQUITECTURA DE COMPUTADORAS,1,,,,,,,,,
333,TI2800 - ADMINISTRACION DE PROYECTOS I,1,,,,,,,,,
334,TI2800 - ADMINISTRACION DE PROYECTOS I,1,,,,,,,,,
334,TI3600 - BASES DE DATOS,1,,,,,,,,,
335,CI0202 - INGLES BASICO,1,,,,,,,,,
335,SE1107 - APRECIACION DE CINE,1,,,,,,,,,
335,TI1400 - INTRODUCCION A LA PROGRAMACION,1,,,,,,,,,
335,TI1401 - TALLER DE PROGRAMACION,1,,,,,,,,,
336,CI0202 - INGLES BASICO,1,,,,,,,,,
336,CI1403 - COMUNICACION TECNICA,1,,,,,,,,,
336,MA0101 - MATEMATICA GENERAL,1,,,,,,,,,
336,SE1102 - ACCION SOCIAL,1,,,,,,,,,
337,CI0202 - INGLES BASICO,1,,,,,,,,,
337,CI1403 - COMUNICACION TECNICA,1,,,,,,,,,
337,MA0101 - MATEMATICA GENERAL,1,,,,,,,,,
337,SE1101 - ARTES DRAMATICAS,1,,,,,,,,,
337,TI1400 - INTRODUCCION A LA PROGRAMACION,1,,,,,,,,,
337,TI1401 - TALLER DE PROGRAMACION,1,,,,,,,,,
338,CI0202 - INGLES BASICO,1,,,,,,,,,
338,CI1403 - COMUNICACION TECNICA,1,,,,,,,,,
338,MA0101 - MATEMATICA GENERAL,1,,,,,,,,,
339,CI0202 - INGLES BASICO,1,,,,,,,,,
339,CI1403 - COMUNICACION TECNICA,1,,,,,,,,,
339,MA0101 - MATEMATICA GENERAL,1,,,,,,,,,
339,SE1107 - APRECIACION DE CINE,1,,,,,,,,,
339,TI1400 - INTRODUCCION A LA PROGRAMACION,1,,,,,,,,,
339,TI1401 - TALLER DE PROGRAMACION,1,,,,,,,,,
340,MA0101 - MATEMATICA GENERAL,1,,,,,,,,,
340,TI1400 - INTRODUCCION A LA PROGRAMACION,1,,,,,,,,,
340,TI1401 - TALLER DE PROGRAMACION,1,,,,,,,,,
341,CI0202 - INGLES BASICO,1,,,,,,,,,
341,CI1403 - COMUNICACION TECNICA,1,,,,,,,,,
341,MA0101 - MATEMATICA GENERAL,1,,,,,,,,,
341,MA1403 - MATEMATICA DISCRETA,1,,,,,,,,,
341,SE1204 - NATACION,1,,,,,,,,,
341,TI1400 - INTRODUCCION A LA PROGRAMACION,1,,,,,,,,,
341,TI1401 - TALLER DE PROGRAMACION,1,,,,,,,,,
342,CI1403 - COMUNICACION TECNICA,1,,,,,,,,,
342,MA0101 - MATEMATICA GENERAL,1,,,,,,,,,
342,MA1403 - MATEMATICA DISCRETA,1,,,,,,,,,
342,TI1400 - INTRODUCCION A LA PROGRAMACION,1,,,,,,,,,
342,TI1401 - TALLER DE PROGRAMACION,1,,,,,,,,,
343,TI2402 - ALGORITMOS Y ESTRUCTURAS DE DATOS,1,,,,,,,,,
